{
    "webserver":
    {
        "port": 5501
    },
    "plc":
    {
        "host": "172.31.1.120",
        "rack": 0,
        "slot": 1,
        "pollinterval": 20,
        "vars": 
        {
            "KUKA_KR30_R2100_A1A2": "DB1000,REAL0",
            "KUKA_KR30_R2100_A2A3": "DB1000,REAL4",
            "KUKA_KR30_R2100_A3A4": "DB1000,REAL8",
            "KUKA_KR30_R2100_A4A5": "DB1000,REAL12",
            "KUKA_KR30_R2100_A5A6": "DB1000,REAL16",
            "KUKA_KR30_R2100_FLANGE": "DB1000,REAL20"
        }
    }
}