<?xml version="1.0" encoding="iso-8859-1"?>
<?xml-stylesheet href="GSDML-Stylesheet-HTML-V2.31.xsl" type="text/xsl"?>

<!--
     If you change something here, don't forget to update the CI validation
     script after changing the filename.
-->

<ISO15745Profile xmlns="http://www.profibus.com/GSDML/2003/11/DeviceProfile" xmlns:xsi="http://www.w3.org/2001/XMLSchema-instance" xsi:schemaLocation="http://www.profibus.com/GSDML/2003/11/DeviceProfile ..\xsd\GSDML-DeviceProfile-v2.32.xsd">
  <ProfileHeader>
    <ProfileIdentification>PROFINET Device Profile</ProfileIdentification>
    <ProfileRevision>1.00</ProfileRevision>
    <ProfileName>Device Profile for PROFINET Devices</ProfileName>
    <ProfileSource>PROFIBUS Nutzerorganisation e. V. (PNO)</ProfileSource>
    <ProfileClassID>Device</ProfileClassID>
    <ISO15745Reference>
      <ISO15745Part>4</ISO15745Part>
      <ISO15745Edition>1</ISO15745Edition>
      <ProfileTechnology>GSDML</ProfileTechnology>
    </ISO15745Reference>
  </ProfileHeader>
  <ProfileBody>
    <DeviceIdentity VendorID="0x0136" DeviceID="0x03D3">
      <InfoText TextId="IDT_FamilyDescription"/>
      <VendorName Value="ifm electronic"/>
    </DeviceIdentity>
    <DeviceFunction>
      <Family MainFamily="Sensors" ProductFamily="Industrial Imaging - Object recognition"/>
    </DeviceFunction>
    <ApplicationProcess>
      <DeviceAccessPointList>
          <!--   DeviceAccessPointList DAP110                                          -->
          <DeviceAccessPointItem ID="DAP 1" PhysicalSlots="0..2" ModuleIdentNumber="0x00000001" MinDeviceInterval="32" ImplementationType="portStack" DNS_CompatibleName="O3D3xx" ExtendedAddressAssignmentSupported="true" FixedInSlots="0" ObjectUUID_LocalIndex="1" RequiredSchemaVersion="V2.2" MaxSupportedRecordSize="4068" ParameterizationSpeedupSupported="false" PowerOnToCommReady="0" DeviceAccessSupported="true" PNIO_Version="V2.32" ResetToFactoryModes="2" CheckDeviceID_Allowed="true" MultipleWriteSupported="true" LLDP_NoD_Supported="true" NameOfStationNotTransferable="true">
              <!-- Module category -->                
              <ModuleInfo CategoryRef="ID_IFM_DEV">
                  <Name TextId="IDT_O3D3XX_PN"/>
                  <InfoText TextId="TOK_ModInfo_InfoTextId_DAP1"/>
                  <VendorName Value="ifm electronic"/>
                  <OrderNumber Value="O3D3xx"/>
                  <HardwareRelease Value="A1.0"/>
                  <SoftwareRelease Value="Z1.0"/>
          </ModuleInfo>
          <CertificationInfo ConformanceClass="A" ApplicationClass="" NetloadClass="I" />
          <!-- Physical subslot list -->
          <SubslotList>
            <SubslotItem SubslotNumber="32768" TextId="IDT_INTERFACE"/>
            <SubslotItem SubslotNumber="32769" TextId="IDT_INTERFACE_PORT1"/>
          </SubslotList>
          <!-- IO configuration data length -->
          <IOConfigData MaxInputLength="1024" MaxOutputLength="1024"/>
          <!-- Module definitions -->
          <UseableModules>
            <ModuleItemRef ModuleItemTarget="ID_Mod_11" AllowedInSlots="1"/>
            <ModuleItemRef ModuleItemTarget="ID_Mod_12" AllowedInSlots="2"/>
          </UseableModules>
          <!-- Systemsubmodules -->
          <VirtualSubmoduleList>
            <VirtualSubmoduleItem ID="DAP 1" SubmoduleIdentNumber="0x0001" Writeable_IM_Records="1 2 3 4" MayIssueProcessAlarm="false">
              <IOData  IOPS_Length="1" IOCS_Length="1"/>
              <ModuleInfo>
                <Name TextId="TOK_Standard"/>
                <InfoText TextId="TOK_ModInfo_InfoTextId_DAP1"/>
              </ModuleInfo>
            </VirtualSubmoduleItem>
          </VirtualSubmoduleList>
          <!-- Systemsubmodules -->  
          <SystemDefinedSubmoduleList>
            <InterfaceSubmoduleItem ID="IDS_2I" SubslotNumber="32768" SubmoduleIdentNumber="0x8000" SupportedRT_Classes="RT_CLASS_1" TextId="TOK_DAP_InterfaceModule" IsochroneModeSupported="false" SupportedProtocols="LLDP" SupportedMibs="" NetworkComponentDiagnosisSupported="false" PTP_BoundarySupported="true" DCP_BoundarySupported="true">
              <ApplicationRelations NumberOfAdditionalInputCR="0" NumberOfAdditionalMulticastProviderCR="0" NumberOfAdditionalOutputCR="0" NumberOfMulticastConsumerCR="0" PullModuleAlarmSupported="true" StartupMode="Advanced;Legacy">
                <TimingProperties SendClock="32" ReductionRatio="1 2 4 8 16 32 64 128 256 512"/>
              </ApplicationRelations>
            </InterfaceSubmoduleItem>
            <PortSubmoduleItem ID="IDS_2P" SubslotNumber="32769" SubmoduleIdentNumber="0x8001" TextId="TOK_Port1" MaxPortRxDelay="378" MaxPortTxDelay="1212" PortDeactivationSupported="true" LinkStateDiagnosisCapability="Up+Down">
              <MAUTypeList>
               <MAUTypeItem Value="10"/>
               <MAUTypeItem Value="11"/>
               <MAUTypeItem Value="15"/>
               <MAUTypeItem Value="16"/>
               <MAUTypeItem Value="29"/>
               <MAUTypeItem Value="30"/>
              </MAUTypeList>
            </PortSubmoduleItem>
          </SystemDefinedSubmoduleList>
          <!-- Graphic elements --> 
          <Graphics>
            <GraphicItemRef Type="DeviceSymbol" GraphicItemTarget="IDG_O3Dxxx_1"/>
          </Graphics>
        </DeviceAccessPointItem>
      </DeviceAccessPointList>
      <ModuleList>
        <ModuleItem ID="ID_Mod_11" ModuleIdentNumber="0x00000030">
          <ModuleInfo>
            <Name TextId="TOK_TextId_Module_450I"/>
            <InfoText TextId="TOK_InfoTextId_Module_450I"/>
            <HardwareRelease Value="1.0"/>
            <SoftwareRelease Value="1.0"/>
          </ModuleInfo>
          <VirtualSubmoduleList>
            <VirtualSubmoduleItem ID="11" SubmoduleIdentNumber="0x0001" API="0" MayIssueProcessAlarm="false">
              <IOData>
                <Input Consistency="All items consistency">
                  <DataItem DataType="OctetString" TextId="TOK_Input_DataItem_450" Length="450" UseAsBits="true"/>
                </Input>
              </IOData>
              <ModuleInfo>
                <Name TextId="TOK_TextId_Module_450I"/>
                <InfoText TextId="TOK_InfoTextId_Module_450I"/>
              </ModuleInfo>
            </VirtualSubmoduleItem>
          </VirtualSubmoduleList>
        </ModuleItem>
        <ModuleItem ID="ID_Mod_12" ModuleIdentNumber="0x00000031">
          <ModuleInfo>
            <Name TextId="TOK_TextId_Module_08"/>
            <InfoText TextId="TOK_InfoTextId_Module_08O"/>
            <HardwareRelease Value="1.0"/>
            <SoftwareRelease Value="1.0"/>
          </ModuleInfo>
          <VirtualSubmoduleList>
            <VirtualSubmoduleItem ID="12" SubmoduleIdentNumber="0x0001" API="0" MayIssueProcessAlarm="false">
              <IOData>
                <Output Consistency="All items consistency">
                  <DataItem DataType="OctetString" TextId="TOK_Output_DataItem_8" Length="8" UseAsBits="true"/>
                </Output>
              </IOData>
              <ModuleInfo>
                <Name TextId="TOK_TextId_Module_08"/>
                <InfoText TextId="TOK_InfoTextId_Module_08O"/>
              </ModuleInfo>
            </VirtualSubmoduleItem>
          </VirtualSubmoduleList>
        </ModuleItem>
      </ModuleList>
      <ChannelDiagList>
        <ChannelDiagItem ErrorType="16">
          <Name TextId="TOK_Name_ErrorType16"/>
          <Help TextId="TOK_HelpName_ErrorType16"/>
        </ChannelDiagItem>
      </ChannelDiagList>
      <GraphicsList>
        <GraphicItem ID="IDG_O3Dxxx_1" GraphicFile="GSDML-0136-03D3-O3D3xx"/>
      </GraphicsList>
      <CategoryList>
        <CategoryItem ID="ID_IFM_DEV" TextId="TOK_Category_IFM_DEV"/>
      </CategoryList>
      <ExternalTextList>
        <PrimaryLanguage>
          <!--english-->
          <Text TextId="IDT_FamilyDescription" Value="Industrial Imaging - Object recognition"/>
          <!--DAP - ifm device -->
          <Text TextId="TOK_Category_IFM_DEV" Value="3D-Camera"/>
          <Text TextId="TOK_Standard" Value="Standard"/>
          <Text TextId="TOK_ModInfo_InfoTextId_DAP1" Value="Industrial Imaging - Object recognition"/>
          <Text TextId="IDT_O3D3XX_PN" Value="O3D3XX-PN" />
          <!--port name-->
          <Text TextId="IDT_INTERFACE" Value="PROFINET-IO"/>                          
          <Text TextId="IDT_INTERFACE_PORT1" Value="PORT 1"/>  
          <Text TextId="TOK_DAP_InterfaceModule" Value="Interface"/>
          <Text TextId="TOK_Port1" Value="RJ45 10/100 MBit/s"/>
          <!--module name-->
          <Text TextId="TOK_TextId_Module_450I" Value="450 bytes I"/>
          <Text TextId="TOK_TextId_Module_08" Value="8 bytes O"/>
          <!--module info name-->
          <Text TextId="TOK_InfoTextId_Module_450I" Value="450 bytes I"/>
          <Text TextId="TOK_InfoTextId_Module_08O" Value="8 bytes O"/>
          <!--dataitem name-->
          <Text TextId="TOK_Input_DataItem_450" Value="Input 450 bytes"/>
          <Text TextId="TOK_Output_DataItem_8" Value="Output 8 bytes"/>
          <!--errortype name-->
          <Text TextId="TOK_Name_ErrorType16" Value="parameter assignment error"/>
          <Text TextId="TOK_HelpName_ErrorType16" Value="parameter assignment error"/>
          <!-- record data item name  -->
          <Text TextId="IDT_RECORD_NAME_rec1" Value="Record Data Item1"/>
          <Text TextId="IDT_RECORD_NAME_rec2" Value="Record Data Item2"/>
        </PrimaryLanguage>
      </ExternalTextList>
    </ApplicationProcess>
  </ProfileBody>
</ISO15745Profile>
