<?xml version="1.0"?>
<DownloadTask xmlns:xsd="http://www.w3.org/2001/XMLSchema" xmlns:xsi="http://www.w3.org/2001/XMLSchema-instance">
  <ProjectInfo ProjectId="8e4f2ef1-beac-730b-bb41-a89f7ab5ca86" ESProjectName="Tutorial_myKRC_Playground" ESDeviceName="mxa-dashboard" RtProjectFolderName="Tutorial_myKRC_Playground.iot-win10-pc[SIMATIC PC station - WinCC Unified PC RT]" RtProjectName="Tutorial_myKRC_Playground.iot-win10-pc[SIMATIC PC station - WinCC Unified PC RT]" DeviceType="SIMATIC PC station - WinCC Unified PC RT" DeviceVersion="17.0.0.1" CreationTime="04/18/2022 11:31:21" FirmwareFileName="" RuntimeFileName="" PRCV="3.0.0.1" RTCV="0.0.0.0" RTReleaseNo="17.0.0.1" ImageReleaseNo="0.0.0.0" />
  <FullDownload type="ADMINDATA">UMCData.json</FullDownload>
  <FullDownload>User.pbb</FullDownload>
  <FullDownload>config\config.level</FullDownload>
  <FullDownload>fonts\arial.ttf</FullDownload>
  <FullDownload>fonts\arial.woff2</FullDownload>
  <FullDownload>fonts\cour.ttf</FullDownload>
  <FullDownload>fonts\cour.woff2</FullDownload>
  <FullDownload>fonts\SISAN03.ttf</FullDownload>
  <FullDownload>fonts\SISAN03.woff2</FullDownload>
  <FullDownload>fonts\SISLA08S.ttf</FullDownload>
  <FullDownload>fonts\SISLA08S.woff2</FullDownload>
  <FullDownload>general\AlarmLogging.rdf</FullDownload>
  <FullDownload>general\backupStrategies.rdf</FullDownload>
  <FullDownload>general\cds.rdf</FullDownload>
  <FullDownload>general\ChromIdentification.rdf</FullDownload>
  <FullDownload>general\config_AlertClass.rdf</FullDownload>
  <FullDownload>general\config_AlertHandler.rdf</FullDownload>
  <FullDownload>general\config_DistributionInfo.rdf</FullDownload>
  <FullDownload>general\config_DpValue.rdf</FullDownload>
  <FullDownload>general\config_HmiRuntime.rdf</FullDownload>
  <FullDownload>general\config_InitialValue.rdf</FullDownload>
  <FullDownload>general\config_LicenseCounter.rdf</FullDownload>
  <FullDownload>general\config_PeripheralAddress.rdf</FullDownload>
  <FullDownload>general\config_Range.rdf</FullDownload>
  <FullDownload>general\config_SecureConnectionAttributes.rdf</FullDownload>
  <FullDownload>general\config_Smoothing.rdf</FullDownload>
  <FullDownload>general\dpIdentification.rdf</FullDownload>
  <FullDownload>general\fontLocatorList.rdf</FullDownload>
  <FullDownload>general\main.rdf</FullDownload>
  <FullDownload>general\style_113.rdf</FullDownload>
  <FullDownload>general\style_189.rdf</FullDownload>
  <FullDownload>general\style_41.rdf</FullDownload>
  <FullDownload>general\SystemDiagnosticsDnnData.rdf</FullDownload>
  <FullDownload>general\TagLogging.rdf</FullDownload>
  <FullDownload>general\textLibrary_111_1031.rdf</FullDownload>
  <FullDownload>general\textLibrary_40_1031.rdf</FullDownload>
  <FullDownload>general\textListLibrary.rdf</FullDownload>
  <FullDownload>general\TypeContainer.rdf</FullDownload>
  <FullDownload>graphics\graphicListLibrary.rdf</FullDownload>
  <FullDownload>graphics\imageLibrary_1031.rdf</FullDownload>
  <FullDownload>screens\screen_190.rdf</FullDownload>
  <FullDownload>screens\screen_191.rdf</FullDownload>
  <FullDownload>screens\screen_192.rdf</FullDownload>
  <FullDownload>screens\screen_303.rdf</FullDownload>
  <FullDownload>screens\screen_306.rdf</FullDownload>
  <FullDownload>screens\screen_313.rdf</FullDownload>
  <FullDownload>screens\screen_339.rdf</FullDownload>
  <FullDownload>screens\screen_348.rdf</FullDownload>
  <FullDownload>screens\screen_367.rdf</FullDownload>
  <FullDownload>screens\screen_384.rdf</FullDownload>
  <FullDownload>screens\screen_39.rdf</FullDownload>
  <FullDownload>screens\screen_399.rdf</FullDownload>
  <FullDownload>screens\screen_410.rdf</FullDownload>
  <FullDownload>screens\screen_418.rdf</FullDownload>
  <FullDownload>screens\screen_429.rdf</FullDownload>
  <FullDownload>screens\screen_446.rdf</FullDownload>
  <FullDownload>screens\screen_455.rdf</FullDownload>
  <FullDownload>screens\screen_464.rdf</FullDownload>
  <FullDownload>screens\screen_481.rdf</FullDownload>
  <FullDownload>screens\screen_498.rdf</FullDownload>
  <FullDownload>screens\screen_518.rdf</FullDownload>
  <FullDownload>screens\screen_527.rdf</FullDownload>
  <FullDownload>screens\screen_544.rdf</FullDownload>
  <FullDownload>screens\screen_561.rdf</FullDownload>
  <FullDownload>screens\screen_581.rdf</FullDownload>
  <FullDownload>screens\screen_588.rdf</FullDownload>
  <FullDownload>screens\screen_630.rdf</FullDownload>
  <FullDownload>screens\screen_647.rdf</FullDownload>
  <FullDownload>screens\screen_648.rdf</FullDownload>
  <FullDownload>screens\screen_683.rdf</FullDownload>
  <FullDownload>screens\screen_700.rdf</FullDownload>
  <FullDownload>screens\screen_728.rdf</FullDownload>
  <FullDownload>screens\screen_751.rdf</FullDownload>
  <FullDownload>screens\screen_766.rdf</FullDownload>
  <FullDownload>screens\screen_800.rdf</FullDownload>
  <FullDownload>screens\screen_809.rdf</FullDownload>
  <FullDownload>screens\screen_837.rdf</FullDownload>
  <FullDownload>screens\screen_844.rdf</FullDownload>
  <FullDownload>screens\screen_861.rdf</FullDownload>
  <FullDownload>screens\screen_878.rdf</FullDownload>
  <FullDownload>screens\screen_894.rdf</FullDownload>
  <FullDownload>screens\screen_904.rdf</FullDownload>
  <FullDownload>screens\screen_906.rdf</FullDownload>
  <FullDownload>screens\screen_924.rdf</FullDownload>
  <FullDownload>screens\screen_925.rdf</FullDownload>
  <FullDownload>screens\screen_951.rdf</FullDownload>
  <FullDownload>screens\screen_964.rdf</FullDownload>
  <FullDownload>screens\screen_965.rdf</FullDownload>
  <FullDownload>screens\screen_986.rdf</FullDownload>
  <FullDownload>system\ProjectCharacteristics.rdf</FullDownload>
</DownloadTask>