{
  "version": "2",
  "users": [
    {
      "name": "KUKA",
      "password": {
        "hash": "Fzm4wHUfeV7yXT+kKE156RzP9gbYPswwlcABPIo+47oquZYGzkFANQ981YsHnctf3TkgOxbXjEShmfwwVsJKLw==",
        "salt": "zGeF8J0GxVMN+B9LbVBR/6w8G2nVbq1xKmD86JoGcUA=",
        "algorithm": "PBKDF2-HMAC-SHA1",
        "encoding": "utf16le",
        "iteration": 10000
      },
      "fullname": "KUKA",
      "comment": "password: \"4KUKAmxa!\"",
      "alertbeforepasswordexpirationdays": 0,
      "passwordexpirationdays": 0,
      "autologoff": 30
    }
  ],
  "groups": [
    {
      "name": "HMI Administrator",
      "roles": [
        "HMI Administrator"
      ],
      "users": [
        "KUKA"
      ]
    },
    {
      "name": "HMI Operator",
      "users": []
    },
    {
      "name": "HMI Monitor",
      "users": []
    }
  ],
  "roles": [
    {
      "name": "HMI Administrator",
      "rights": [
        "UM_ADMIN",
        "UM_IMPORT",
        "UM_EXPORT",
        "UM_VIEW",
        "UM_RESETPWD"
      ]
    }
  ],
  "globalAccountPolicies": {
    "enablePasswordHistoryByDays": 0,
    "enablePasswordHistoryByNumber": 1,
    "enablePasswordCheck": 1,
    "numberOfPasswordBeforeReuse": 5,
    "passwordAging": 0,
    "passwordMaxLength": 120,
    "passwordMinAlphaChar": 0,
    "passwordMinLength": 8,
    "passwordMinLowerChar": 1,
    "passwordMinUpperChar": 1,
    "passwordMinNumericChar": 1,
    "passwordMinOtherChar": 0
  },
  "umcConfig": {
    "local": {
      "domainName": "UM_Domain"
    }
  }
}