<?xml version="1.0" encoding="utf-8"?>
<?xml-stylesheet type='text/xsl' href='ConversionLogFile.xsl'?>
<LogFile projectName="KUKA_BASIC_EXAMPLE_V15_1516F_V15.1" typeText="Type" messageText="Message" timeText="Time">
  <MessageCell ServiceId="80" MessageId="30" MessageClass="Information" Timestamp="11/15/2019 11:00:26 AM">
    <Number ServiceNumber="80" MessageNumber="30" />
    <Text FeedbackText="Upgrade started" />
    <Help HelpId="-1" />
  </MessageCell>
  <Details ServiceId="80" MessageId="30" Timestamp="11/15/2019 11:00:27 AM" Debug="false">
    <Text>Reorganization succeed!</Text>
  </Details>
  <MessageCell ServiceId="80" MessageId="30" MessageClass="Information" Timestamp="11/15/2019 11:00:28 AM">
    <Number ServiceNumber="80" MessageNumber="30" />
    <Text FeedbackText="CheckRepair lost+found objects" />
    <Help HelpId="-1" />
  </MessageCell>
  <Details ServiceId="80" MessageId="30" Timestamp="11/15/2019 11:00:28 AM" Debug="false">
    <Text>No error is detected.</Text>
  </Details>
  <MessageCell ServiceId="80" MessageId="30" MessageClass="Information" Timestamp="11/15/2019 11:00:30 AM">
    <Number ServiceNumber="80" MessageNumber="30" />
    <Text FeedbackText="CheckRepair missing bidirectional links" />
    <Help HelpId="-1" />
  </MessageCell>
  <Details ServiceId="80" MessageId="30" Timestamp="11/15/2019 11:00:30 AM" Debug="false">
    <Text>No error is detected.</Text>
  </Details>
  <MessageCell ServiceId="80" MessageId="30" MessageClass="Information" Timestamp="11/15/2019 11:00:43 AM">
    <Number ServiceNumber="80" MessageNumber="30" />
    <Text FeedbackText="Starting conversion of UMAC data." />
    <Help HelpId="-1" />
  </MessageCell>
  <MessageCell ServiceId="80" MessageId="30" MessageClass="Information" Timestamp="11/15/2019 11:00:44 AM">
    <Number ServiceNumber="80" MessageNumber="30" />
    <Text FeedbackText="Conversion of UMAC data is finished." />
    <Help HelpId="-1" />
  </MessageCell>
  <MessageCell ServiceId="80" MessageId="30" MessageClass="Information" Timestamp="11/15/2019 11:00:44 AM">
    <Number ServiceNumber="80" MessageNumber="30" />
    <Text FeedbackText="Starting conversion of user and roles configuration data." />
    <Help HelpId="-1" />
  </MessageCell>
  <MessageCell ServiceId="80" MessageId="30" MessageClass="Information" Timestamp="11/15/2019 11:00:44 AM">
    <Number ServiceNumber="80" MessageNumber="30" />
    <Text FeedbackText="User with the required engineering right &quot;Manage users and roles&quot; has logged in." />
    <Help HelpId="-1" />
  </MessageCell>
  <MessageCell ServiceId="80" MessageId="30" MessageClass="Information" Timestamp="11/15/2019 11:00:44 AM">
    <Number ServiceNumber="80" MessageNumber="30" />
    <Text FeedbackText="Conversion of user and roles configuration is finished." />
    <Help HelpId="-1" />
  </MessageCell>
  <MessageCell ServiceId="80" MessageId="30" MessageClass="Information" Timestamp="11/15/2019 11:00:44 AM">
    <Number ServiceNumber="80" MessageNumber="30" />
    <Text FeedbackText="Conversion of SiVArc data finished" />
    <Help HelpId="-1" />
  </MessageCell>
  <Details ServiceId="80" MessageId="30" Timestamp="11/15/2019 11:00:44 AM" Debug="false">
    <Text>HmiConvert: Started conversion section.</Text>
  </Details>
  <Details ServiceId="80" MessageId="30" Timestamp="11/15/2019 11:00:44 AM" Debug="false">
    <Text>HmiConvert: Starting conversion step &lt;Siemens.Simatic.Hmi.Device.DeviceManagers.Scan:Siemens.Simatic.Hmi.Utah.Device.Upgrade.DeviceConverter.ConvertHmiDeviceToV15_1&gt;.</Text>
  </Details>
  <Details ServiceId="80" MessageId="30" Timestamp="11/15/2019 11:00:44 AM" Debug="false">
    <Text>HmiConvert: Finished conversion step &lt;Siemens.Simatic.Hmi.Device.DeviceManagers.Scan:Siemens.Simatic.Hmi.Utah.Device.Upgrade.DeviceConverter.ConvertHmiDeviceToV15_1&gt;.</Text>
  </Details>
  <Details ServiceId="80" MessageId="30" Timestamp="11/15/2019 11:00:44 AM" Debug="false">
    <Text>HmiConvert: Starting conversion step &lt;Siemens.Simatic.Hmi.Globalization.Managers.Scan:Siemens.Simatic.Hmi.Utah.Globalization.CommentCategoryRepairer.RepairCommentCategoryLinks&gt;.</Text>
  </Details>
  <Details ServiceId="80" MessageId="30" Timestamp="11/15/2019 11:00:44 AM" Debug="false">
    <Text>HmiConvert: Finished conversion step &lt;Siemens.Simatic.Hmi.Globalization.Managers.Scan:Siemens.Simatic.Hmi.Utah.Globalization.CommentCategoryRepairer.RepairCommentCategoryLinks&gt;.</Text>
  </Details>
  <Details ServiceId="80" MessageId="30" Timestamp="11/15/2019 11:00:44 AM" Debug="false">
    <Text>HmiConvert: Starting conversion step &lt;Siemens.Simatic.Hmi.GraphX.GraphXManagers.Scan:Siemens.Simatic.Hmi.Utah.GraphX.PhaseConverter.RemoveInvisibleSoftkeysConverter&gt;.</Text>
  </Details>
  <Details ServiceId="80" MessageId="30" Timestamp="11/15/2019 11:00:44 AM" Debug="false">
    <Text>HmiConvert: Finished conversion step &lt;Siemens.Simatic.Hmi.GraphX.GraphXManagers.Scan:Siemens.Simatic.Hmi.Utah.GraphX.PhaseConverter.RemoveInvisibleSoftkeysConverter&gt;.</Text>
  </Details>
  <Details ServiceId="80" MessageId="30" Timestamp="11/15/2019 11:00:44 AM" Debug="false">
    <Text>HmiConvert: Starting conversion step &lt;Siemens.Simatic.Hmi.GraphX.GraphXManagers.Scan:Siemens.Simatic.Hmi.Utah.GraphX.PhaseConverter.RemoveDuplicateSoftKeysConverter&gt;.</Text>
  </Details>
  <Details ServiceId="80" MessageId="30" Timestamp="11/15/2019 11:00:44 AM" Debug="false">
    <Text>HmiConvert: Finished conversion step &lt;Siemens.Simatic.Hmi.GraphX.GraphXManagers.Scan:Siemens.Simatic.Hmi.Utah.GraphX.PhaseConverter.RemoveDuplicateSoftKeysConverter&gt;.</Text>
  </Details>
  <Details ServiceId="80" MessageId="30" Timestamp="11/15/2019 11:00:44 AM" Debug="false">
    <Text>HmiConvert: Starting conversion step &lt;Siemens.Simatic.Hmi.BL.Scripting.Scan:Siemens.Simatic.Hmi.BL.Scripting.Migrations.ModuleConverter.ModuleRepair&gt;.</Text>
  </Details>
  <Details ServiceId="80" MessageId="30" Timestamp="11/15/2019 11:00:44 AM" Debug="false">
    <Text>HmiConvert: Finished conversion step &lt;Siemens.Simatic.Hmi.BL.Scripting.Scan:Siemens.Simatic.Hmi.BL.Scripting.Migrations.ModuleConverter.ModuleRepair&gt;.</Text>
  </Details>
  <Details ServiceId="80" MessageId="30" Timestamp="11/15/2019 11:00:44 AM" Debug="false">
    <Text>HmiConvert: Starting conversion step &lt;Siemens.Simatic.Hmi.Recipe.Managers.Scan:Siemens.Simatic.Hmi.Utah.Recipe.RecipeConverter.ConvertRecipe&gt;.</Text>
  </Details>
  <Details ServiceId="80" MessageId="30" Timestamp="11/15/2019 11:00:44 AM" Debug="false">
    <Text>HmiConvert: Finished conversion step &lt;Siemens.Simatic.Hmi.Recipe.Managers.Scan:Siemens.Simatic.Hmi.Utah.Recipe.RecipeConverter.ConvertRecipe&gt;.</Text>
  </Details>
  <Details ServiceId="80" MessageId="30" Timestamp="11/15/2019 11:00:44 AM" Debug="false">
    <Text>HmiConvert: Starting conversion step &lt;Siemens.Simatic.Hmi.GraphX.Controls.Managers.Scan:Siemens.Simatic.Hmi.Utah.GraphX.Controls.ProDiagPhaseConverter.AddToolbarButtons&gt;.</Text>
  </Details>
  <Details ServiceId="80" MessageId="30" Timestamp="11/15/2019 11:00:44 AM" Debug="false">
    <Text>HmiConvert: Finished conversion step &lt;Siemens.Simatic.Hmi.GraphX.Controls.Managers.Scan:Siemens.Simatic.Hmi.Utah.GraphX.Controls.ProDiagPhaseConverter.AddToolbarButtons&gt;.</Text>
  </Details>
  <Details ServiceId="80" MessageId="30" Timestamp="11/15/2019 11:00:44 AM" Debug="false">
    <Text>HmiConvert: Starting conversion step &lt;Siemens.Simatic.Hmi.GraphX.Controls.Managers.Scan:Siemens.Simatic.Hmi.Utah.GraphX.Controls.ProDiagPhaseConverter.RepairToolbarButtons&gt;.</Text>
  </Details>
  <Details ServiceId="80" MessageId="30" Timestamp="11/15/2019 11:00:44 AM" Debug="false">
    <Text>HmiConvert: Finished conversion step &lt;Siemens.Simatic.Hmi.GraphX.Controls.Managers.Scan:Siemens.Simatic.Hmi.Utah.GraphX.Controls.ProDiagPhaseConverter.RepairToolbarButtons&gt;.</Text>
  </Details>
  <Details ServiceId="80" MessageId="30" Timestamp="11/15/2019 11:00:44 AM" Debug="false">
    <Text>HmiConvert: Starting conversion step &lt;Siemens.Simatic.Hmi.BL.ModernUI:Siemens.Simatic.Hmi.BL.ModernUI.Convert.ScreenItemPhaseConverter.AdaptModel&gt;.</Text>
  </Details>
  <Details ServiceId="80" MessageId="30" Timestamp="11/15/2019 11:00:44 AM" Debug="false">
    <Text>HmiConvert: Finished conversion step &lt;Siemens.Simatic.Hmi.BL.ModernUI:Siemens.Simatic.Hmi.BL.ModernUI.Convert.ScreenItemPhaseConverter.AdaptModel&gt;.</Text>
  </Details>
  <Details ServiceId="80" MessageId="30" Timestamp="11/15/2019 11:00:44 AM" Debug="false">
    <Text>HmiConvert: Starting conversion step &lt;Siemens.Simatic.Hmi.Globalization.Managers.Scan:Siemens.Simatic.Hmi.Utah.Globalization.ImageConvert.RepairCrossEnvironmentLinks&gt;.</Text>
  </Details>
  <Details ServiceId="80" MessageId="30" Timestamp="11/15/2019 11:00:44 AM" Debug="false">
    <Text>HmiConvert: Finished conversion step &lt;Siemens.Simatic.Hmi.Globalization.Managers.Scan:Siemens.Simatic.Hmi.Utah.Globalization.ImageConvert.RepairCrossEnvironmentLinks&gt;.</Text>
  </Details>
  <Details ServiceId="80" MessageId="30" Timestamp="11/15/2019 11:00:44 AM" Debug="false">
    <Text>HmiConvert: Starting conversion step &lt;Siemens.Simatic.Hmi.Logging.Managers.Scan:Siemens.Simatic.Hmi.Utah.Logging.LoggingTagConverter.RemoveInvalidTRefs&gt;.</Text>
  </Details>
  <Details ServiceId="80" MessageId="30" Timestamp="11/15/2019 11:00:44 AM" Debug="false">
    <Text>HmiConvert: Finished conversion step &lt;Siemens.Simatic.Hmi.Logging.Managers.Scan:Siemens.Simatic.Hmi.Utah.Logging.LoggingTagConverter.RemoveInvalidTRefs&gt;.</Text>
  </Details>
  <Details ServiceId="80" MessageId="30" Timestamp="11/15/2019 11:00:44 AM" Debug="false">
    <Text>HmiConvert: Starting conversion step &lt;Siemens.Simatic.Hmi.ScreenModules.Managers.Scan:Siemens.Simatic.Hmi.Utah.Modules.ScreenModules.PhaseConverter.RepairGroupBoundsTables&gt;.</Text>
  </Details>
  <Details ServiceId="80" MessageId="30" Timestamp="11/15/2019 11:00:44 AM" Debug="false">
    <Text>HmiConvert: Finished conversion step &lt;Siemens.Simatic.Hmi.ScreenModules.Managers.Scan:Siemens.Simatic.Hmi.Utah.Modules.ScreenModules.PhaseConverter.RepairGroupBoundsTables&gt;.</Text>
  </Details>
  <Details ServiceId="80" MessageId="30" Timestamp="11/15/2019 11:00:44 AM" Debug="false">
    <Text>HmiConvert: Starting conversion step &lt;Siemens.Simatic.Hmi.GraphX.GraphXManagers.Scan:Siemens.Simatic.Hmi.Utah.GraphX.ChainedListConverter.ConvertFixScreenChainedList&gt;.</Text>
  </Details>
  <Details ServiceId="80" MessageId="30" Timestamp="11/15/2019 11:00:44 AM" Debug="false">
    <Text>HmiConvert: Finished conversion step &lt;Siemens.Simatic.Hmi.GraphX.GraphXManagers.Scan:Siemens.Simatic.Hmi.Utah.GraphX.ChainedListConverter.ConvertFixScreenChainedList&gt;.</Text>
  </Details>
  <Details ServiceId="80" MessageId="30" Timestamp="11/15/2019 11:00:44 AM" Debug="false">
    <Text>HmiConvert: Starting conversion step &lt;Siemens.Simatic.Hmi.Globalization.Managers.Scan:Siemens.Simatic.Hmi.Utah.Globalization.TextRepairForConvert.TextsRepairInHmiBusinessLogicLevel&gt;.</Text>
  </Details>
  <Details ServiceId="80" MessageId="30" Timestamp="11/15/2019 11:00:46 AM" Debug="false">
    <Text>HmiConvert: Finished conversion step &lt;Siemens.Simatic.Hmi.Globalization.Managers.Scan:Siemens.Simatic.Hmi.Utah.Globalization.TextRepairForConvert.TextsRepairInHmiBusinessLogicLevel&gt;.</Text>
  </Details>
  <Details ServiceId="80" MessageId="30" Timestamp="11/15/2019 11:00:46 AM" Debug="false">
    <Text>HmiConvert: Starting conversion step &lt;Siemens.Simatic.Hmi.Globalization.Managers.Scan:Siemens.Simatic.Hmi.Utah.Globalization.FontConvert.RepairCrossEnvironmentLinksViaHmiBl&gt;.</Text>
  </Details>
  <Details ServiceId="80" MessageId="30" Timestamp="11/15/2019 11:00:46 AM" Debug="false">
    <Text>HmiConvert: Finished conversion step &lt;Siemens.Simatic.Hmi.Globalization.Managers.Scan:Siemens.Simatic.Hmi.Utah.Globalization.FontConvert.RepairCrossEnvironmentLinksViaHmiBl&gt;.</Text>
  </Details>
  <Details ServiceId="80" MessageId="30" Timestamp="11/15/2019 11:00:46 AM" Debug="false">
    <Text>HmiConvert: Starting conversion step &lt;Siemens.Simatic.Hmi.ScreenModules.Managers.Scan:Siemens.Simatic.Hmi.Utah.Modules.ScreenModules.PhaseConverterWithHmiBl.DeleteOrphanInterfaceConnections&gt;.</Text>
  </Details>
  <Details ServiceId="80" MessageId="30" Timestamp="11/15/2019 11:00:46 AM" Debug="false">
    <Text>HmiConvert: Finished conversion step &lt;Siemens.Simatic.Hmi.ScreenModules.Managers.Scan:Siemens.Simatic.Hmi.Utah.Modules.ScreenModules.PhaseConverterWithHmiBl.DeleteOrphanInterfaceConnections&gt;.</Text>
  </Details>
  <Details ServiceId="80" MessageId="30" Timestamp="11/15/2019 11:00:46 AM" Debug="false">
    <Text>HmiConvert: Starting conversion step &lt;Siemens.Simatic.Hmi.ScreenModules.Managers.Scan:Siemens.Simatic.Hmi.Utah.Modules.ScreenModules.PhaseConverterWithHmiBl.RepairInstanceKeyCache&gt;.</Text>
  </Details>
  <Details ServiceId="80" MessageId="30" Timestamp="11/15/2019 11:00:46 AM" Debug="false">
    <Text>HmiConvert: Finished conversion step &lt;Siemens.Simatic.Hmi.ScreenModules.Managers.Scan:Siemens.Simatic.Hmi.Utah.Modules.ScreenModules.PhaseConverterWithHmiBl.RepairInstanceKeyCache&gt;.</Text>
  </Details>
  <Details ServiceId="80" MessageId="30" Timestamp="11/15/2019 11:00:46 AM" Debug="false">
    <Text>HmiConvert: Starting conversion step &lt;Siemens.Simatic.Hmi.ScreenModules.Managers.Scan:Siemens.Simatic.Hmi.Utah.Modules.ScreenModules.PhaseConverterWithHmiBl.RepairInstanceHotKeys&gt;.</Text>
  </Details>
  <Details ServiceId="80" MessageId="30" Timestamp="11/15/2019 11:00:46 AM" Debug="false">
    <Text>HmiConvert: Finished conversion step &lt;Siemens.Simatic.Hmi.ScreenModules.Managers.Scan:Siemens.Simatic.Hmi.Utah.Modules.ScreenModules.PhaseConverterWithHmiBl.RepairInstanceHotKeys&gt;.</Text>
  </Details>
  <Details ServiceId="80" MessageId="30" Timestamp="11/15/2019 11:00:46 AM" Debug="false">
    <Text>HmiConvert: Starting conversion step &lt;Siemens.Simatic.Hmi.BL.ModernUI:Siemens.Simatic.Hmi.BL.ModernUI.Convert.ScreenItemPhaseConverter.ConvertDataSource&gt;.</Text>
  </Details>
  <Details ServiceId="80" MessageId="30" Timestamp="11/15/2019 11:00:46 AM" Debug="false">
    <Text>HmiConvert: Finished conversion step &lt;Siemens.Simatic.Hmi.BL.ModernUI:Siemens.Simatic.Hmi.BL.ModernUI.Convert.ScreenItemPhaseConverter.ConvertDataSource&gt;.</Text>
  </Details>
  <Details ServiceId="80" MessageId="30" Timestamp="11/15/2019 11:00:46 AM" Debug="false">
    <Text>HmiConvert is waiting for external dependency: Siemens.Simatic.Lang.SPLConvert</Text>
  </Details>
  <Details ServiceId="80" MessageId="30" Timestamp="11/15/2019 11:00:53 AM" Debug="false">
    <Text>Not invalidating fingerprints for protected object: MC_Move[FB991]</Text>
  </Details>
  <Details ServiceId="80" MessageId="30" Timestamp="11/15/2019 11:00:53 AM" Debug="false">
    <Text>Not invalidating fingerprints for protected object: mc_ExecuteCommand[FB989]</Text>
  </Details>
  <Details ServiceId="80" MessageId="30" Timestamp="11/15/2019 11:00:53 AM" Debug="false">
    <Text>Not invalidating fingerprints for protected object: MC_MoveAxisAbsolute[FB992]</Text>
  </Details>
  <Details ServiceId="80" MessageId="30" Timestamp="11/15/2019 11:00:53 AM" Debug="false">
    <Text>Not invalidating fingerprints for protected object: MC_MoveCircAbsolute[FB993]</Text>
  </Details>
  <Details ServiceId="80" MessageId="30" Timestamp="11/15/2019 11:00:53 AM" Debug="false">
    <Text>Not invalidating fingerprints for protected object: MC_MoveCircRelative[FB994]</Text>
  </Details>
  <Details ServiceId="80" MessageId="30" Timestamp="11/15/2019 11:00:53 AM" Debug="false">
    <Text>Not invalidating fingerprints for protected object: MC_MoveDirectAbsolute[FB995]</Text>
  </Details>
  <Details ServiceId="80" MessageId="30" Timestamp="11/15/2019 11:00:53 AM" Debug="false">
    <Text>Not invalidating fingerprints for protected object: MC_MoveDirectRelative[FB996]</Text>
  </Details>
  <Details ServiceId="80" MessageId="30" Timestamp="11/15/2019 11:00:53 AM" Debug="false">
    <Text>Not invalidating fingerprints for protected object: MC_MoveLinearAbsolute[FB997]</Text>
  </Details>
  <Details ServiceId="80" MessageId="30" Timestamp="11/15/2019 11:00:53 AM" Debug="false">
    <Text>Not invalidating fingerprints for protected object: MC_MoveLinearRelative[FB998]</Text>
  </Details>
  <Details ServiceId="80" MessageId="30" Timestamp="11/15/2019 11:00:53 AM" Debug="false">
    <Text>Not invalidating fingerprints for protected object: Test_TechFunction[FB999]</Text>
  </Details>
  <Details ServiceId="80" MessageId="30" Timestamp="11/15/2019 11:00:53 AM" Debug="false">
    <Text>Not invalidating fingerprints for protected object: mxA_GetIO_BOOL[FC908]</Text>
  </Details>
  <Details ServiceId="80" MessageId="30" Timestamp="11/15/2019 11:00:53 AM" Debug="false">
    <Text>Not invalidating fingerprints for protected object: mxA_GetIO_BYTE[FC911]</Text>
  </Details>
  <Details ServiceId="80" MessageId="30" Timestamp="11/15/2019 11:00:53 AM" Debug="false">
    <Text>Not invalidating fingerprints for protected object: mxA_GetIO_DINT[FC913]</Text>
  </Details>
  <Details ServiceId="80" MessageId="30" Timestamp="11/15/2019 11:00:53 AM" Debug="false">
    <Text>Not invalidating fingerprints for protected object: mxA_GetIO_INT[FC912]</Text>
  </Details>
  <Details ServiceId="80" MessageId="30" Timestamp="11/15/2019 11:00:53 AM" Debug="false">
    <Text>Not invalidating fingerprints for protected object: mxA_GetIO_NIBBLE[FC909]</Text>
  </Details>
  <Details ServiceId="80" MessageId="30" Timestamp="11/15/2019 11:00:53 AM" Debug="false">
    <Text>Not invalidating fingerprints for protected object: mxA_GetIO_REAL[FC915]</Text>
  </Details>
  <Details ServiceId="80" MessageId="30" Timestamp="11/15/2019 11:00:53 AM" Debug="false">
    <Text>Not invalidating fingerprints for protected object: mxA_GetIO_SINT[FC910]</Text>
  </Details>
  <Details ServiceId="80" MessageId="30" Timestamp="11/15/2019 11:00:53 AM" Debug="false">
    <Text>Not invalidating fingerprints for protected object: mxA_ME_TO_REAL[FC990]</Text>
  </Details>
  <Details ServiceId="80" MessageId="30" Timestamp="11/15/2019 11:00:53 AM" Debug="false">
    <Text>Not invalidating fingerprints for protected object: mxA_ValuesToAPO[FC904]</Text>
  </Details>
  <Details ServiceId="80" MessageId="30" Timestamp="11/15/2019 11:00:53 AM" Debug="false">
    <Text>Not invalidating fingerprints for protected object: mxA_ValuesToCOORDSYS[FC903]</Text>
  </Details>
  <Details ServiceId="80" MessageId="30" Timestamp="11/15/2019 11:00:53 AM" Debug="false">
    <Text>Not invalidating fingerprints for protected object: mxA_ValuesToE6AXIS[FC900]</Text>
  </Details>
  <Details ServiceId="80" MessageId="30" Timestamp="11/15/2019 11:00:53 AM" Debug="false">
    <Text>Not invalidating fingerprints for protected object: mxA_ValuesToE6POS[FC901]</Text>
  </Details>
  <Details ServiceId="80" MessageId="30" Timestamp="11/15/2019 11:00:53 AM" Debug="false">
    <Text>Not invalidating fingerprints for protected object: mxA_ValuesToFRAME[FC902]</Text>
  </Details>
  <Details ServiceId="80" MessageId="30" Timestamp="11/15/2019 11:00:53 AM" Debug="false">
    <Text>Not invalidating fingerprints for protected object: mxA_WriteIO_BOOL[FC917]</Text>
  </Details>
  <Details ServiceId="80" MessageId="30" Timestamp="11/15/2019 11:00:53 AM" Debug="false">
    <Text>Not invalidating fingerprints for protected object: mxA_WriteIO_BYTE[FC918]</Text>
  </Details>
  <Details ServiceId="80" MessageId="30" Timestamp="11/15/2019 11:00:53 AM" Debug="false">
    <Text>Not invalidating fingerprints for protected object: mxA_WriteIO_DINT[FC920]</Text>
  </Details>
  <Details ServiceId="80" MessageId="30" Timestamp="11/15/2019 11:00:53 AM" Debug="false">
    <Text>Not invalidating fingerprints for protected object: mxA_WriteIO_DWORD[FC923]</Text>
  </Details>
  <Details ServiceId="80" MessageId="30" Timestamp="11/15/2019 11:00:53 AM" Debug="false">
    <Text>Not invalidating fingerprints for protected object: mxA_WriteIO_REAL[FC925]</Text>
  </Details>
  <Details ServiceId="80" MessageId="30" Timestamp="11/15/2019 11:00:53 AM" Debug="false">
    <Text>Not invalidating fingerprints for protected object: mxA_WriteIO_WORD[FC924]</Text>
  </Details>
  <Details ServiceId="80" MessageId="30" Timestamp="11/15/2019 11:00:53 AM" Debug="false">
    <Text>Not invalidating fingerprints for protected object: REAL_TO_BOOL[FC950]</Text>
  </Details>
  <Details ServiceId="80" MessageId="30" Timestamp="11/15/2019 11:00:53 AM" Debug="false">
    <Text>Not invalidating fingerprints for protected object: mxA_GetOrderState[FC905]</Text>
  </Details>
  <Details ServiceId="80" MessageId="30" Timestamp="11/15/2019 11:00:54 AM" Debug="false">
    <Text>Not invalidating fingerprints for protected object: mxA_ResetCommand[FC906]</Text>
  </Details>
  <Details ServiceId="80" MessageId="30" Timestamp="11/15/2019 11:00:54 AM" Debug="false">
    <Text>Not invalidating fingerprints for protected object: mxA_ExecuteCommand[FB955]</Text>
  </Details>
  <Details ServiceId="80" MessageId="30" Timestamp="11/15/2019 11:00:54 AM" Debug="false">
    <Text>Not invalidating fingerprints for protected object: R_TRIG_3[FB990]</Text>
  </Details>
  <Details ServiceId="80" MessageId="30" Timestamp="11/15/2019 11:00:54 AM" Debug="false">
    <Text>Not invalidating fingerprints for protected object: KRC_Abort[FB915]</Text>
  </Details>
  <Details ServiceId="80" MessageId="30" Timestamp="11/15/2019 11:00:54 AM" Debug="false">
    <Text>Not invalidating fingerprints for protected object: KRC_ActivateConvInterrupt[FB966]</Text>
  </Details>
  <Details ServiceId="80" MessageId="30" Timestamp="11/15/2019 11:00:54 AM" Debug="false">
    <Text>Not invalidating fingerprints for protected object: KRC_ActivateInterrupt[FB935]</Text>
  </Details>
  <Details ServiceId="80" MessageId="30" Timestamp="11/15/2019 11:00:54 AM" Debug="false">
    <Text>Not invalidating fingerprints for protected object: KRC_AutomaticExternal[FB900]</Text>
  </Details>
  <Details ServiceId="80" MessageId="30" Timestamp="11/15/2019 11:00:54 AM" Debug="false">
    <Text>Not invalidating fingerprints for protected object: KRC_BrakeTest[FB958]</Text>
  </Details>
  <Details ServiceId="80" MessageId="30" Timestamp="11/15/2019 11:00:54 AM" Debug="false">
    <Text>Not invalidating fingerprints for protected object: KRC_Continue[FB917]</Text>
  </Details>
  <Details ServiceId="80" MessageId="30" Timestamp="11/15/2019 11:00:54 AM" Debug="false">
    <Text>Not invalidating fingerprints for protected object: KRC_ConvFollow[FB967]</Text>
  </Details>
  <Details ServiceId="80" MessageId="30" Timestamp="11/15/2019 11:00:54 AM" Debug="false">
    <Text>Not invalidating fingerprints for protected object: KRC_ConvIniOff[FB968]</Text>
  </Details>
  <Details ServiceId="80" MessageId="30" Timestamp="11/15/2019 11:00:54 AM" Debug="false">
    <Text>Not invalidating fingerprints for protected object: KRC_ConvOn[FB969]</Text>
  </Details>
  <Details ServiceId="80" MessageId="30" Timestamp="11/15/2019 11:00:54 AM" Debug="false">
    <Text>Not invalidating fingerprints for protected object: KRC_ConvSkip[FB970]</Text>
  </Details>
  <Details ServiceId="80" MessageId="30" Timestamp="11/15/2019 11:00:54 AM" Debug="false">
    <Text>Not invalidating fingerprints for protected object: KRC_DeaktivateConvInterrupt[FB971]</Text>
  </Details>
  <Details ServiceId="80" MessageId="30" Timestamp="11/15/2019 11:00:54 AM" Debug="false">
    <Text>Not invalidating fingerprints for protected object: KRC_Diag[FB950]</Text>
  </Details>
  <Details ServiceId="80" MessageId="30" Timestamp="11/15/2019 11:00:54 AM" Debug="false">
    <Text>Not invalidating fingerprints for protected object: KRC_DeclareInterrupt[FB934]</Text>
  </Details>
  <Details ServiceId="80" MessageId="30" Timestamp="11/15/2019 11:00:54 AM" Debug="false">
    <Text>Not invalidating fingerprints for protected object: KRC_DeactivateInterrupt[FB936]</Text>
  </Details>
  <Details ServiceId="80" MessageId="30" Timestamp="11/15/2019 11:00:54 AM" Debug="false">
    <Text>Not invalidating fingerprints for protected object: KRC_Error[FB972]</Text>
  </Details>
  <Details ServiceId="80" MessageId="30" Timestamp="11/15/2019 11:00:54 AM" Debug="false">
    <Text>Not invalidating fingerprints for protected object: KRC_Forward[FB973]</Text>
  </Details>
  <Details ServiceId="80" MessageId="30" Timestamp="11/15/2019 11:00:54 AM" Debug="false">
    <Text>Not invalidating fingerprints for protected object: KRC_Interrupt[FB916]</Text>
  </Details>
  <Details ServiceId="80" MessageId="30" Timestamp="11/15/2019 11:00:54 AM" Debug="false">
    <Text>Not invalidating fingerprints for protected object: KRC_Initialize[FB930]</Text>
  </Details>
  <Details ServiceId="80" MessageId="30" Timestamp="11/15/2019 11:00:54 AM" Debug="false">
    <Text>Not invalidating fingerprints for protected object: KRC_GetAdvance[FB960]</Text>
  </Details>
  <Details ServiceId="80" MessageId="30" Timestamp="11/15/2019 11:00:54 AM" Debug="false">
    <Text>Not invalidating fingerprints for protected object: KRC_Inverse[FB974]</Text>
  </Details>
  <Details ServiceId="80" MessageId="30" Timestamp="11/15/2019 11:00:54 AM" Debug="false">
    <Text>Not invalidating fingerprints for protected object: KRC_Jog[FB975]</Text>
  </Details>
  <Details ServiceId="80" MessageId="30" Timestamp="11/15/2019 11:00:54 AM" Debug="false">
    <Text>Not invalidating fingerprints for protected object: KRC_MessageReset[FB909]</Text>
  </Details>
  <Details ServiceId="80" MessageId="30" Timestamp="11/15/2019 11:00:54 AM" Debug="false">
    <Text>Not invalidating fingerprints for protected object: KRC_JogLinearRelative[FB926]</Text>
  </Details>
  <Details ServiceId="80" MessageId="30" Timestamp="11/15/2019 11:00:54 AM" Debug="false">
    <Text>Not invalidating fingerprints for protected object: KRC_JogToolRelative[FB927]</Text>
  </Details>
  <Details ServiceId="80" MessageId="30" Timestamp="11/15/2019 11:00:54 AM" Debug="false">
    <Text>Not invalidating fingerprints for protected object: KRC_MasRef[FB959]</Text>
  </Details>
  <Details ServiceId="80" MessageId="30" Timestamp="11/15/2019 11:00:54 AM" Debug="false">
    <Text>Not invalidating fingerprints for protected object: KRC_MoveLineaAbsolute[FB919]</Text>
  </Details>
  <Details ServiceId="80" MessageId="30" Timestamp="11/15/2019 11:00:54 AM" Debug="false">
    <Text>Not invalidating fingerprints for protected object: KRC_MoveLineaRelative[FB920]</Text>
  </Details>
  <Details ServiceId="80" MessageId="30" Timestamp="11/15/2019 11:00:54 AM" Debug="false">
    <Text>Not invalidating fingerprints for protected object: KRC_MoveDirectAbsolute[FB921]</Text>
  </Details>
  <Details ServiceId="80" MessageId="30" Timestamp="11/15/2019 11:00:54 AM" Debug="false">
    <Text>Not invalidating fingerprints for protected object: KRC_MoveDirectRelative[FB922]</Text>
  </Details>
  <Details ServiceId="80" MessageId="30" Timestamp="11/15/2019 11:00:54 AM" Debug="false">
    <Text>Not invalidating fingerprints for protected object: KRC_MoveAxisAbsolute[FB923]</Text>
  </Details>
  <Details ServiceId="80" MessageId="30" Timestamp="11/15/2019 11:00:54 AM" Debug="false">
    <Text>Not invalidating fingerprints for protected object: KRC_MoveCircAbsolute[FB924]</Text>
  </Details>
  <Details ServiceId="80" MessageId="30" Timestamp="11/15/2019 11:00:54 AM" Debug="false">
    <Text>Not invalidating fingerprints for protected object: KRC_MoveCircRelative[FB925]</Text>
  </Details>
  <Details ServiceId="80" MessageId="30" Timestamp="11/15/2019 11:00:54 AM" Debug="false">
    <Text>Not invalidating fingerprints for protected object: KRC_ReadActualPosition[FB901]</Text>
  </Details>
  <Details ServiceId="80" MessageId="30" Timestamp="11/15/2019 11:00:54 AM" Debug="false">
    <Text>Not invalidating fingerprints for protected object: KRC_ReadActualAxisPos[FB902]</Text>
  </Details>
  <Details ServiceId="80" MessageId="30" Timestamp="11/15/2019 11:00:54 AM" Debug="false">
    <Text>Not invalidating fingerprints for protected object: KRC_ReadActualVelocity[FB903]</Text>
  </Details>
  <Details ServiceId="80" MessageId="30" Timestamp="11/15/2019 11:00:54 AM" Debug="false">
    <Text>Not invalidating fingerprints for protected object: KRC_ReadActualAxisVelocity[FB904]</Text>
  </Details>
  <Details ServiceId="80" MessageId="30" Timestamp="11/15/2019 11:00:54 AM" Debug="false">
    <Text>Not invalidating fingerprints for protected object: KRC_ReadActualAcceleration[FB905]</Text>
  </Details>
  <Details ServiceId="80" MessageId="30" Timestamp="11/15/2019 11:00:54 AM" Debug="false">
    <Text>Not invalidating fingerprints for protected object: KRC_ReadAnalogInput[FB931]</Text>
  </Details>
  <Details ServiceId="80" MessageId="30" Timestamp="11/15/2019 11:00:54 AM" Debug="false">
    <Text>Not invalidating fingerprints for protected object: KRC_ReadAnalogOutput[FB932]</Text>
  </Details>
  <Details ServiceId="80" MessageId="30" Timestamp="11/15/2019 11:00:54 AM" Debug="false">
    <Text>Not invalidating fingerprints for protected object: KRC_ReadAxWorkspace[FB976]</Text>
  </Details>
  <Details ServiceId="80" MessageId="30" Timestamp="11/15/2019 11:00:54 AM" Debug="false">
    <Text>Not invalidating fingerprints for protected object: KRC_ReadDigitalInput[FB912]</Text>
  </Details>
  <Details ServiceId="80" MessageId="30" Timestamp="11/15/2019 11:00:54 AM" Debug="false">
    <Text>Not invalidating fingerprints for protected object: KRC_ReadDigitalOutput[FB913]</Text>
  </Details>
  <Details ServiceId="80" MessageId="30" Timestamp="11/15/2019 11:00:54 AM" Debug="false">
    <Text>Not invalidating fingerprints for protected object: KRC_ReadInterruptState[FB937]</Text>
  </Details>
  <Details ServiceId="80" MessageId="30" Timestamp="11/15/2019 11:00:54 AM" Debug="false">
    <Text>Not invalidating fingerprints for protected object: KRC_ReadBaseData[FB948]</Text>
  </Details>
  <Details ServiceId="80" MessageId="30" Timestamp="11/15/2019 11:00:54 AM" Debug="false">
    <Text>Not invalidating fingerprints for protected object: KRC_ReadDigitalInput1To8[FB963]</Text>
  </Details>
  <Details ServiceId="80" MessageId="30" Timestamp="11/15/2019 11:00:54 AM" Debug="false">
    <Text>Not invalidating fingerprints for protected object: KRC_ReadDigitalInputArray[FB964]</Text>
  </Details>
  <Details ServiceId="80" MessageId="30" Timestamp="11/15/2019 11:00:54 AM" Debug="false">
    <Text>Not invalidating fingerprints for protected object: KRC_ReadSoftEndEx[FB944]</Text>
  </Details>
  <Details ServiceId="80" MessageId="30" Timestamp="11/15/2019 11:00:54 AM" Debug="false">
    <Text>Not invalidating fingerprints for protected object: KRC_ReadMXAStatus[FB906]</Text>
  </Details>
  <Details ServiceId="80" MessageId="30" Timestamp="11/15/2019 11:00:54 AM" Debug="false">
    <Text>Not invalidating fingerprints for protected object: KRC_ReadSafeOPStatus[FB907]</Text>
  </Details>
  <Details ServiceId="80" MessageId="30" Timestamp="11/15/2019 11:00:54 AM" Debug="false">
    <Text>Not invalidating fingerprints for protected object: KRC_ReadMXAError[FB908]</Text>
  </Details>
  <Details ServiceId="80" MessageId="30" Timestamp="11/15/2019 11:00:54 AM" Debug="false">
    <Text>Not invalidating fingerprints for protected object: KRC_ReadKRCError[FB910]</Text>
  </Details>
  <Details ServiceId="80" MessageId="30" Timestamp="11/15/2019 11:00:54 AM" Debug="false">
    <Text>Not invalidating fingerprints for protected object: KRC_ReadLoadData[FB940]</Text>
  </Details>
  <Details ServiceId="80" MessageId="30" Timestamp="11/15/2019 11:00:54 AM" Debug="false">
    <Text>Not invalidating fingerprints for protected object: KRC_ReadSoftEnd[FB942]</Text>
  </Details>
  <Details ServiceId="80" MessageId="30" Timestamp="11/15/2019 11:00:54 AM" Debug="false">
    <Text>Not invalidating fingerprints for protected object: KRC_ReadSysVar[FB928]</Text>
  </Details>
  <Details ServiceId="80" MessageId="30" Timestamp="11/15/2019 11:00:54 AM" Debug="false">
    <Text>Not invalidating fingerprints for protected object: KRC_ReadToolData[FB946]</Text>
  </Details>
  <Details ServiceId="80" MessageId="30" Timestamp="11/15/2019 11:00:55 AM" Debug="false">
    <Text>Not invalidating fingerprints for protected object: KRC_ReadTouchUPState[FB956]</Text>
  </Details>
  <Details ServiceId="80" MessageId="30" Timestamp="11/15/2019 11:00:55 AM" Debug="false">
    <Text>Not invalidating fingerprints for protected object: KRC_ReadWorkspace[FB977]</Text>
  </Details>
  <Details ServiceId="80" MessageId="30" Timestamp="11/15/2019 11:00:55 AM" Debug="false">
    <Text>Not invalidating fingerprints for protected object: KRC_ReadWorkstates[FB978]</Text>
  </Details>
  <Details ServiceId="80" MessageId="30" Timestamp="11/15/2019 11:00:55 AM" Debug="false">
    <Text>Not invalidating fingerprints for protected object: KRC_SetOverride[FB911]</Text>
  </Details>
  <Details ServiceId="80" MessageId="30" Timestamp="11/15/2019 11:00:55 AM" Debug="false">
    <Text>Not invalidating fingerprints for protected object: KRC_SetDistanceTrigger[FB938]</Text>
  </Details>
  <Details ServiceId="80" MessageId="30" Timestamp="11/15/2019 11:00:55 AM" Debug="false">
    <Text>Not invalidating fingerprints for protected object: KRC_SetPathTrigger[FB939]</Text>
  </Details>
  <Details ServiceId="80" MessageId="30" Timestamp="11/15/2019 11:00:55 AM" Debug="false">
    <Text>Not invalidating fingerprints for protected object: KRC_SetCoordSys[FB952]</Text>
  </Details>
  <Details ServiceId="80" MessageId="30" Timestamp="11/15/2019 11:00:55 AM" Debug="false">
    <Text>Not invalidating fingerprints for protected object: KRC_TouchUP[FB957]</Text>
  </Details>
  <Details ServiceId="80" MessageId="30" Timestamp="11/15/2019 11:00:55 AM" Debug="false">
    <Text>Not invalidating fingerprints for protected object: KRC_TechFunction[FB962]</Text>
  </Details>
  <Details ServiceId="80" MessageId="30" Timestamp="11/15/2019 11:00:55 AM" Debug="false">
    <Text>Not invalidating fingerprints for protected object: KRC_VectorMoveOff[FB979]</Text>
  </Details>
  <Details ServiceId="80" MessageId="30" Timestamp="11/15/2019 11:00:55 AM" Debug="false">
    <Text>Not invalidating fingerprints for protected object: KRC_VectorMoveOn[FB980]</Text>
  </Details>
  <Details ServiceId="80" MessageId="30" Timestamp="11/15/2019 11:00:55 AM" Debug="false">
    <Text>Not invalidating fingerprints for protected object: KRC_WaitForInput[FB951]</Text>
  </Details>
  <Details ServiceId="80" MessageId="30" Timestamp="11/15/2019 11:00:55 AM" Debug="false">
    <Text>Not invalidating fingerprints for protected object: KRC_WriteAnalogOutput[FB933]</Text>
  </Details>
  <Details ServiceId="80" MessageId="30" Timestamp="11/15/2019 11:00:55 AM" Debug="false">
    <Text>Not invalidating fingerprints for protected object: KRC_WriteAxWorkspace[FB981]</Text>
  </Details>
  <Details ServiceId="80" MessageId="30" Timestamp="11/15/2019 11:00:55 AM" Debug="false">
    <Text>Not invalidating fingerprints for protected object: KRC_WriteBaseData[FB949]</Text>
  </Details>
  <Details ServiceId="80" MessageId="30" Timestamp="11/15/2019 11:00:55 AM" Debug="false">
    <Text>Not invalidating fingerprints for protected object: KRC_WriteDigitalOutput[FB914]</Text>
  </Details>
  <Details ServiceId="80" MessageId="30" Timestamp="11/15/2019 11:00:55 AM" Debug="false">
    <Text>Not invalidating fingerprints for protected object: KRC_WriteDigitalOutput1To8[FB965]</Text>
  </Details>
  <Details ServiceId="80" MessageId="30" Timestamp="11/15/2019 11:00:55 AM" Debug="false">
    <Text>Not invalidating fingerprints for protected object: KRC_WriteLoadData[FB941]</Text>
  </Details>
  <Details ServiceId="80" MessageId="30" Timestamp="11/15/2019 11:00:55 AM" Debug="false">
    <Text>Not invalidating fingerprints for protected object: KRC_WriteSoftEnd[FB943]</Text>
  </Details>
  <Details ServiceId="80" MessageId="30" Timestamp="11/15/2019 11:00:55 AM" Debug="false">
    <Text>Not invalidating fingerprints for protected object: KRC_WriteSoftEndEx[FB945]</Text>
  </Details>
  <Details ServiceId="80" MessageId="30" Timestamp="11/15/2019 11:00:55 AM" Debug="false">
    <Text>Not invalidating fingerprints for protected object: KRC_WriteSysVar[FB929]</Text>
  </Details>
  <Details ServiceId="80" MessageId="30" Timestamp="11/15/2019 11:00:55 AM" Debug="false">
    <Text>Not invalidating fingerprints for protected object: KRC_WriteToolData[FB947]</Text>
  </Details>
  <Details ServiceId="80" MessageId="30" Timestamp="11/15/2019 11:00:55 AM" Debug="false">
    <Text>Not invalidating fingerprints for protected object: KRC_WriteWorkspace[FB982]</Text>
  </Details>
  <Details ServiceId="80" MessageId="30" Timestamp="11/15/2019 11:00:55 AM" Debug="false">
    <Text>Not invalidating fingerprints for protected object: KRC_SetAdvance[FB961]</Text>
  </Details>
  <Details ServiceId="80" MessageId="30" Timestamp="11/15/2019 11:00:56 AM" Debug="false">
    <Text>Not invalidating fingerprints for protected object: KRC_ReadAxisGroup[FB953]</Text>
  </Details>
  <Details ServiceId="80" MessageId="30" Timestamp="11/15/2019 11:00:56 AM" Debug="false">
    <Text>Not invalidating fingerprints for protected object: KRC_AutoStart[FB983]</Text>
  </Details>
  <Details ServiceId="80" MessageId="30" Timestamp="11/15/2019 11:00:56 AM" Debug="false">
    <Text>Not invalidating fingerprints for protected object: KRC_Move[FB918]</Text>
  </Details>
  <Details ServiceId="80" MessageId="30" Timestamp="11/15/2019 11:00:56 AM" Debug="false">
    <Text>Not invalidating fingerprints for protected object: KRC_WriteAxisGroup[FB954]</Text>
  </Details>
  <Details ServiceId="80" MessageId="30" Timestamp="11/15/2019 11:01:01 AM" Debug="false">
    <Text>HmiConvert: Started conversion section.</Text>
  </Details>
  <Details ServiceId="80" MessageId="30" Timestamp="11/15/2019 11:01:01 AM" Debug="false">
    <Text>HmiConvert: Starting conversion step &lt;Siemens.Simatic.Hmi.Tag.Managers.Scan:Siemens.Simatic.Hmi.Utah.Tag.RootTagConvertSynchronization.ResynchronizeRootTag&gt;.</Text>
  </Details>
  <Details ServiceId="80" MessageId="30" Timestamp="11/15/2019 11:01:02 AM" Debug="false">
    <Text>HmiConvert: Finished conversion step &lt;Siemens.Simatic.Hmi.Tag.Managers.Scan:Siemens.Simatic.Hmi.Utah.Tag.RootTagConvertSynchronization.ResynchronizeRootTag&gt;.</Text>
  </Details>
  <Details ServiceId="80" MessageId="30" Timestamp="11/15/2019 11:01:02 AM" Debug="false">
    <Text>HmiConvert: Starting conversion step &lt;Siemens.Simatic.Hmi.Alarm.Managers.Scan:Siemens.Simatic.Hmi.Utah.Alarm.AlarmDataConverterWithHmiBl.ConvertIntegratedAlarmClasses&gt;.</Text>
  </Details>
  <Details ServiceId="80" MessageId="30" Timestamp="11/15/2019 11:01:02 AM" Debug="false">
    <Text>HmiConvert: Finished conversion step &lt;Siemens.Simatic.Hmi.Alarm.Managers.Scan:Siemens.Simatic.Hmi.Utah.Alarm.AlarmDataConverterWithHmiBl.ConvertIntegratedAlarmClasses&gt;.</Text>
  </Details>
  <Details ServiceId="80" MessageId="30" Timestamp="11/15/2019 11:01:02 AM" Debug="false">
    <Text>HmiConvert: Finished conversion section.</Text>
  </Details>
  <MessageCell ServiceId="80" MessageId="30" MessageClass="Information" Timestamp="11/15/2019 11:01:04 AM">
    <Number ServiceNumber="80" MessageNumber="30" />
    <Text FeedbackText="The cross-reference information is being converted." />
    <Help HelpId="-1" />
  </MessageCell>
  <MessageCell ServiceId="80" MessageId="30" MessageClass="Information" Timestamp="11/15/2019 11:01:05 AM">
    <Number ServiceNumber="80" MessageNumber="30" />
    <Text FeedbackText="The cross-reference information was created successfully." />
    <Help HelpId="-1" />
  </MessageCell>
  <MessageCell ServiceId="80" MessageId="30" MessageClass="Information" Timestamp="11/15/2019 11:01:05 AM">
    <Number ServiceNumber="80" MessageNumber="30" />
    <Text FeedbackText="Conversion of the cross-reference information is finished." />
    <Help HelpId="-1" />
  </MessageCell>
  <Details ServiceId="80" MessageId="30" Timestamp="11/15/2019 11:01:07 AM" Debug="false">
    <Text>Package container 'HW.S71500.CPU.CPU_1515T_2_PN.MDD_6ES7_515_2UM01_0AB0_2.5_15.0.0' was deleted</Text>
  </Details>
  <Details ServiceId="80" MessageId="30" Timestamp="11/15/2019 11:01:07 AM" Debug="false">
    <Text>Package container 'Siemens.Simatic.Sivarc.V15' was deleted</Text>
  </Details>
  <Details ServiceId="80" MessageId="30" Timestamp="11/15/2019 11:01:07 AM" Debug="false">
    <Text>Package container 'Siemens.Simatic.Lang.S7PSW.V15.0.0.0.NonMandatory' was deleted</Text>
  </Details>
  <Details ServiceId="80" MessageId="30" Timestamp="11/15/2019 11:01:07 AM" Debug="false">
    <Text>Package container 'HW.S71500.CPU.CPU_1516_3_PN+DP.MDD_6ES7_516_3FN01_0AB0_1.8_14.0.0' was deleted</Text>
  </Details>
  <Details ServiceId="80" MessageId="30" Timestamp="11/15/2019 11:01:07 AM" Debug="false">
    <Text>Package container 'HW.GSD.gsdml-v2.25-kukarobotergmbh-kukarobotcontroller-20130808.xml.DEVICE_1.0.0' was deleted</Text>
  </Details>
  <Details ServiceId="80" MessageId="30" Timestamp="11/15/2019 11:01:07 AM" Debug="false">
    <Text>Package container 'HW.S71500.RACK.MDD_6ES5xx-xxxxx-xxxx_1.0_14.0.0' was deleted</Text>
  </Details>
  <Details ServiceId="80" MessageId="30" Timestamp="11/15/2019 11:01:07 AM" Debug="false">
    <Text>Product version 'HW.GSD.gsdml-v2.25-kukarobotergmbh-kukarobotcontroller-20130808.xml.DEVICE_1.0.0.Product:11.0.0.0.0' was deleted</Text>
  </Details>
  <Details ServiceId="80" MessageId="30" Timestamp="11/15/2019 11:01:07 AM" Debug="false">
    <Text>Product version 'Siemens.Simatic.STEP7.Professional:14.00.00.00' was deleted</Text>
  </Details>
  <MessageCell ServiceId="Automation-ObjectFrame-Feedbacks" MessageId="ConversionInfoTabProjectSucceeded" MessageClass="Success" Timestamp="11/15/2019 11:01:08 AM">
    <Number ServiceNumber="80" MessageNumber="34" />
    <Text FeedbackText="Project 'C:\Users\Siemens\Desktop\Basic\KUKA\KUKA_BASIC_EXAMPLE_V15_1516F\System\PEData.plf' was successfully upgraded and saved as project 'C:\Users\Siemens\Desktop\Basic\KUKA\KUKA_BASIC_EXAMPLE_V15_1516F_V15.1\System\PEData.plf'." />
    <Help HelpId="-1" HelpFile="" />
  </MessageCell>
</LogFile>