<?xml version="1.0" encoding="utf-8"?>
<?xml-stylesheet type='text/xsl' href='ConversionLogFile.xsl'?>
<LogFile projectName="KUKA_BASIC_EXAMPLE_mxA_V302_TIA_V15.1_1516F_V16" typeText="Typ" messageText="Meldung" timeText="Zeit">
  <MessageCell ServiceId="80" MessageId="30" MessageClass="Information" Timestamp="15.06.2021 15:48:36">
    <Number ServiceNumber="80" MessageNumber="30" />
    <Text FeedbackText="Hochrüsten gestartet" />
    <Help HelpId="-1" />
  </MessageCell>
  <Details ServiceId="80" MessageId="30" Timestamp="15.06.2021 15:48:40" Debug="false">
    <Text>Reorganization succeed!</Text>
  </Details>
  <MessageCell ServiceId="80" MessageId="30" MessageClass="Information" Timestamp="15.06.2021 15:48:41">
    <Number ServiceNumber="80" MessageNumber="30" />
    <Text FeedbackText="CheckRepair lost+found objects" />
    <Help HelpId="-1" />
  </MessageCell>
  <Details ServiceId="80" MessageId="30" Timestamp="15.06.2021 15:48:41" Debug="false">
    <Text>No error is detected.</Text>
  </Details>
  <MessageCell ServiceId="80" MessageId="30" MessageClass="Information" Timestamp="15.06.2021 15:48:42">
    <Number ServiceNumber="80" MessageNumber="30" />
    <Text FeedbackText="CheckRepair missing bidirectional links" />
    <Help HelpId="-1" />
  </MessageCell>
  <Details ServiceId="80" MessageId="30" Timestamp="15.06.2021 15:48:44" Debug="false">
    <Text>No error is detected.</Text>
  </Details>
  <MessageCell ServiceId="80" MessageId="30" MessageClass="Information" Timestamp="15.06.2021 15:48:46">
    <Number ServiceNumber="80" MessageNumber="30" />
    <Text FeedbackText="CheckRepair clear segment flags" />
    <Help HelpId="-1" />
  </MessageCell>
  <Details ServiceId="80" MessageId="30" Timestamp="15.06.2021 15:48:46" Debug="false">
    <Text>No error is detected.</Text>
  </Details>
  <Details ServiceId="80" MessageId="30" Timestamp="15.06.2021 15:49:17" Debug="false">
    <Text>HmiConvert: Started conversion section.</Text>
  </Details>
  <Details ServiceId="80" MessageId="30" Timestamp="15.06.2021 15:49:17" Debug="false">
    <Text>HmiConvert: Starting conversion step &lt;Siemens.Simatic.Hmi.Device.DeviceManagers.Scan:Siemens.Simatic.Hmi.Utah.Device.Upgrade.DeviceConverter.ConvertHmiDeviceToV16&gt;.</Text>
  </Details>
  <Details ServiceId="80" MessageId="30" Timestamp="15.06.2021 15:49:18" Debug="false">
    <Text>HmiConvert: Finished conversion step &lt;Siemens.Simatic.Hmi.Device.DeviceManagers.Scan:Siemens.Simatic.Hmi.Utah.Device.Upgrade.DeviceConverter.ConvertHmiDeviceToV16&gt;.</Text>
  </Details>
  <Details ServiceId="80" MessageId="30" Timestamp="15.06.2021 15:49:18" Debug="false">
    <Text>HmiConvert: Starting conversion step &lt;Siemens.Simatic.Hmi.Globalization.Managers.Scan:Siemens.Simatic.Hmi.Utah.Globalization.HmiTextDataCategoryNameConvert.RepairTextCategoryName&gt;.</Text>
  </Details>
  <Details ServiceId="80" MessageId="30" Timestamp="15.06.2021 15:49:18" Debug="false">
    <Text>HmiConvert: Finished conversion step &lt;Siemens.Simatic.Hmi.Globalization.Managers.Scan:Siemens.Simatic.Hmi.Utah.Globalization.HmiTextDataCategoryNameConvert.RepairTextCategoryName&gt;.</Text>
  </Details>
  <Details ServiceId="80" MessageId="30" Timestamp="15.06.2021 15:49:18" Debug="false">
    <Text>HmiConvert: Starting conversion step &lt;Siemens.Simatic.Hmi.BL.ModernUI:Siemens.Simatic.Hmi.BL.ModernUI.Convert.ScreenItemPhaseConverter.AdaptModel&gt;.</Text>
  </Details>
  <Details ServiceId="80" MessageId="30" Timestamp="15.06.2021 15:49:19" Debug="false">
    <Text>HmiConvert: Finished conversion step &lt;Siemens.Simatic.Hmi.BL.ModernUI:Siemens.Simatic.Hmi.BL.ModernUI.Convert.ScreenItemPhaseConverter.AdaptModel&gt;.</Text>
  </Details>
  <Details ServiceId="80" MessageId="30" Timestamp="15.06.2021 15:49:19" Debug="false">
    <Text>HmiConvert: Starting conversion step &lt;Siemens.Simatic.Hmi.Styles.Managers.Scan:Siemens.Simatic.Hmi.Utah.Styles.HmiStyleConverter.ConvertHmiStyleFromV151ToV16&gt;.</Text>
  </Details>
  <Details ServiceId="80" MessageId="30" Timestamp="15.06.2021 15:49:22" Debug="false">
    <Text>HmiConvert: Finished conversion step &lt;Siemens.Simatic.Hmi.Styles.Managers.Scan:Siemens.Simatic.Hmi.Utah.Styles.HmiStyleConverter.ConvertHmiStyleFromV151ToV16&gt;.</Text>
  </Details>
  <Details ServiceId="80" MessageId="30" Timestamp="15.06.2021 15:49:22" Debug="false">
    <Text>HmiConvert: Starting conversion step &lt;Siemens.Simatic.Hmi.BL.ILStyles:Siemens.Simatic.Hmi.BL.ILStyles.Convert.StyleConverter.ConvertStyle&gt;.</Text>
  </Details>
  <Details ServiceId="80" MessageId="30" Timestamp="15.06.2021 15:49:22" Debug="false">
    <Text>HmiConvert: Finished conversion step &lt;Siemens.Simatic.Hmi.BL.ILStyles:Siemens.Simatic.Hmi.BL.ILStyles.Convert.StyleConverter.ConvertStyle&gt;.</Text>
  </Details>
  <Details ServiceId="80" MessageId="30" Timestamp="15.06.2021 15:49:22" Debug="false">
    <Text>HmiConvert: Starting conversion step &lt;Siemens.Simatic.Hmi.Communication.Managers.Scan:Siemens.Simatic.Hmi.Utah.Communication.HmiConnectionAutoRepairer.HmiConnectionAutoRepairs&gt;.</Text>
  </Details>
  <Details ServiceId="80" MessageId="30" Timestamp="15.06.2021 15:49:22" Debug="false">
    <Text>HmiConvert: Finished conversion step &lt;Siemens.Simatic.Hmi.Communication.Managers.Scan:Siemens.Simatic.Hmi.Utah.Communication.HmiConnectionAutoRepairer.HmiConnectionAutoRepairs&gt;.</Text>
  </Details>
  <Details ServiceId="80" MessageId="30" Timestamp="15.06.2021 15:49:22" Debug="false">
    <Text>HmiConvert: Starting conversion step &lt;Siemens.Simatic.Hmi.BL.Scripting.Scan:Siemens.Simatic.Hmi.BL.Scripting.Migrations.ModuleConverter.ModuleRepair&gt;.</Text>
  </Details>
  <Details ServiceId="80" MessageId="30" Timestamp="15.06.2021 15:49:22" Debug="false">
    <Text>HmiConvert: Finished conversion step &lt;Siemens.Simatic.Hmi.BL.Scripting.Scan:Siemens.Simatic.Hmi.BL.Scripting.Migrations.ModuleConverter.ModuleRepair&gt;.</Text>
  </Details>
  <Details ServiceId="80" MessageId="30" Timestamp="15.06.2021 15:49:22" Debug="false">
    <Text>HmiConvert: Starting conversion step &lt;Siemens.Simatic.Hmi.GraphX.GraphXManagers.Scan:Siemens.Simatic.Hmi.Utah.GraphX.ChainedListConverter.ConvertFixScreenChainedList&gt;.</Text>
  </Details>
  <Details ServiceId="80" MessageId="30" Timestamp="15.06.2021 15:49:22" Debug="false">
    <Text>HmiConvert: Finished conversion step &lt;Siemens.Simatic.Hmi.GraphX.GraphXManagers.Scan:Siemens.Simatic.Hmi.Utah.GraphX.ChainedListConverter.ConvertFixScreenChainedList&gt;.</Text>
  </Details>
  <Details ServiceId="80" MessageId="30" Timestamp="15.06.2021 15:49:22" Debug="false">
    <Text>HmiConvert: Starting conversion step &lt;Siemens.Simatic.Hmi.GraphX.GraphXManagers.Scan:Siemens.Simatic.Hmi.Utah.GraphX.PhaseConverter.RepairPointsCollectionOfScreenItems&gt;.</Text>
  </Details>
  <Details ServiceId="80" MessageId="30" Timestamp="15.06.2021 15:49:22" Debug="false">
    <Text>HmiConvert: Finished conversion step &lt;Siemens.Simatic.Hmi.GraphX.GraphXManagers.Scan:Siemens.Simatic.Hmi.Utah.GraphX.PhaseConverter.RepairPointsCollectionOfScreenItems&gt;.</Text>
  </Details>
  <Details ServiceId="80" MessageId="30" Timestamp="15.06.2021 15:49:22" Debug="false">
    <Text>HmiConvert: Starting conversion step &lt;Siemens.Automation.Simatic.CPM.HMI:Siemens.Simatic.Hmi.BL.Cpm.Convert.V151ToV16.PlantModelConverter.ConvertPlantModel&gt;.</Text>
  </Details>
  <Details ServiceId="80" MessageId="30" Timestamp="15.06.2021 15:49:23" Debug="false">
    <Text>HmiConvert: Finished conversion step &lt;Siemens.Automation.Simatic.CPM.HMI:Siemens.Simatic.Hmi.BL.Cpm.Convert.V151ToV16.PlantModelConverter.ConvertPlantModel&gt;.</Text>
  </Details>
  <Details ServiceId="80" MessageId="30" Timestamp="15.06.2021 15:49:23" Debug="false">
    <Text>HmiConvert: Starting conversion step &lt;Siemens.Simatic.Hmi.RuntimeIT.Managers.Scan:Siemens.Simatic.Hmi.Utah.RTSecurity.Upgrade.HmiRtSecurityRepair.RepairRtUserPasswordHash&gt;.</Text>
  </Details>
  <Details ServiceId="80" MessageId="30" Timestamp="15.06.2021 15:49:23" Debug="false">
    <Text>HmiConvert: Finished conversion step &lt;Siemens.Simatic.Hmi.RuntimeIT.Managers.Scan:Siemens.Simatic.Hmi.Utah.RTSecurity.Upgrade.HmiRtSecurityRepair.RepairRtUserPasswordHash&gt;.</Text>
  </Details>
  <Details ServiceId="80" MessageId="30" Timestamp="15.06.2021 15:49:23" Debug="false">
    <Text>HmiConvert: Starting conversion step &lt;Siemens.Simatic.Hmi.Globalization.Managers.Scan:Siemens.Simatic.Hmi.Utah.Globalization.TextRepairForConvert.TextsRepairInHmiBusinessLogicLevel&gt;.</Text>
  </Details>
  <Details ServiceId="80" MessageId="30" Timestamp="15.06.2021 15:49:26" Debug="false">
    <Text>HmiConvert: Finished conversion step &lt;Siemens.Simatic.Hmi.Globalization.Managers.Scan:Siemens.Simatic.Hmi.Utah.Globalization.TextRepairForConvert.TextsRepairInHmiBusinessLogicLevel&gt;.</Text>
  </Details>
  <Details ServiceId="80" MessageId="30" Timestamp="15.06.2021 15:49:26" Debug="false">
    <Text>HmiConvert is waiting for external dependency: Siemens.Simatic.Lang.SPLConvert</Text>
  </Details>
  <MessageCell ServiceId="80" MessageId="30" MessageClass="Warning" Timestamp="15.06.2021 15:49:56">
    <Number ServiceNumber="80" MessageNumber="30" />
    <Text FeedbackText="Projektelement: '\PLC_1\ProgramBlocksFolder\SIEMENS_APPLICATION_EXAMPLE\Main' - Prüfsummeninkonsistenz für 'General; Event'." />
    <Help HelpId="-1" />
  </MessageCell>
  <MessageCell ServiceId="80" MessageId="30" MessageClass="Warning" Timestamp="15.06.2021 15:49:56">
    <Number ServiceNumber="80" MessageNumber="30" />
    <Text FeedbackText="Projektelement: '\PLC_1\ProgramBlocksFolder\SIEMENS_APPLICATION_EXAMPLE\SiemensKuka' - Prüfsummeninkonsistenz für 'General'." />
    <Help HelpId="-1" />
  </MessageCell>
  <MessageCell ServiceId="80" MessageId="30" MessageClass="Warning" Timestamp="15.06.2021 15:49:57">
    <Number ServiceNumber="80" MessageNumber="30" />
    <Text FeedbackText="Projektelement: '\PLC_1\ProgramBlocksFolder\SIEMENS_APPLICATION_EXAMPLE\KukaControl' - Prüfsummeninkonsistenz für 'General'." />
    <Help HelpId="-1" />
  </MessageCell>
  <MessageCell ServiceId="80" MessageId="30" MessageClass="Warning" Timestamp="15.06.2021 15:49:57">
    <Number ServiceNumber="80" MessageNumber="30" />
    <Text FeedbackText="Projektelement: '\PLC_1\ProgramBlocksFolder\SIEMENS_APPLICATION_EXAMPLE\Circle' - Prüfsummeninkonsistenz für 'General'." />
    <Help HelpId="-1" />
  </MessageCell>
  <MessageCell ServiceId="80" MessageId="30" MessageClass="Warning" Timestamp="15.06.2021 15:49:58">
    <Number ServiceNumber="80" MessageNumber="30" />
    <Text FeedbackText="Projektelement: '\PLC_1\ProgramBlocksFolder\SIEMENS_APPLICATION_EXAMPLE\PickPlace' - Prüfsummeninkonsistenz für 'General'." />
    <Help HelpId="-1" />
  </MessageCell>
  <MessageCell ServiceId="80" MessageId="30" MessageClass="Warning" Timestamp="15.06.2021 15:49:58">
    <Number ServiceNumber="80" MessageNumber="30" />
    <Text FeedbackText="Projektelement: '\PLC_1\ProgramBlocksFolder\SIEMENS_APPLICATION_EXAMPLE\KUKA_mxAutomation_V3.0.2\mxA_SystemBlocks\Test_TechFunction' - Prüfsummeninkonsistenz für 'General'." />
    <Help HelpId="-1" />
  </MessageCell>
  <MessageCell ServiceId="80" MessageId="30" MessageClass="Warning" Timestamp="15.06.2021 15:49:58">
    <Number ServiceNumber="80" MessageNumber="30" />
    <Text FeedbackText="Projektelement: '\PLC_1\ProgramBlocksFolder\SIEMENS_APPLICATION_EXAMPLE\KUKA_mxAutomation_V3.0.2\mxA_SystemBlocks\mxA_GetIO_BOOL' - Prüfsummeninkonsistenz für 'General'." />
    <Help HelpId="-1" />
  </MessageCell>
  <MessageCell ServiceId="80" MessageId="30" MessageClass="Warning" Timestamp="15.06.2021 15:49:58">
    <Number ServiceNumber="80" MessageNumber="30" />
    <Text FeedbackText="Projektelement: '\PLC_1\ProgramBlocksFolder\SIEMENS_APPLICATION_EXAMPLE\KUKA_mxAutomation_V3.0.2\mxA_SystemBlocks\mxA_GetIO_BYTE' - Prüfsummeninkonsistenz für 'General'." />
    <Help HelpId="-1" />
  </MessageCell>
  <MessageCell ServiceId="80" MessageId="30" MessageClass="Warning" Timestamp="15.06.2021 15:49:58">
    <Number ServiceNumber="80" MessageNumber="30" />
    <Text FeedbackText="Projektelement: '\PLC_1\ProgramBlocksFolder\SIEMENS_APPLICATION_EXAMPLE\KUKA_mxAutomation_V3.0.2\mxA_SystemBlocks\mxA_GetIO_DINT' - Prüfsummeninkonsistenz für 'General'." />
    <Help HelpId="-1" />
  </MessageCell>
  <MessageCell ServiceId="80" MessageId="30" MessageClass="Warning" Timestamp="15.06.2021 15:49:58">
    <Number ServiceNumber="80" MessageNumber="30" />
    <Text FeedbackText="Projektelement: '\PLC_1\ProgramBlocksFolder\SIEMENS_APPLICATION_EXAMPLE\KUKA_mxAutomation_V3.0.2\mxA_SystemBlocks\mxA_GetIO_INT' - Prüfsummeninkonsistenz für 'General'." />
    <Help HelpId="-1" />
  </MessageCell>
  <MessageCell ServiceId="80" MessageId="30" MessageClass="Warning" Timestamp="15.06.2021 15:49:58">
    <Number ServiceNumber="80" MessageNumber="30" />
    <Text FeedbackText="Projektelement: '\PLC_1\ProgramBlocksFolder\SIEMENS_APPLICATION_EXAMPLE\KUKA_mxAutomation_V3.0.2\mxA_SystemBlocks\mxA_GetIO_NIBBLE' - Prüfsummeninkonsistenz für 'General'." />
    <Help HelpId="-1" />
  </MessageCell>
  <MessageCell ServiceId="80" MessageId="30" MessageClass="Warning" Timestamp="15.06.2021 15:49:58">
    <Number ServiceNumber="80" MessageNumber="30" />
    <Text FeedbackText="Projektelement: '\PLC_1\ProgramBlocksFolder\SIEMENS_APPLICATION_EXAMPLE\KUKA_mxAutomation_V3.0.2\mxA_SystemBlocks\mxA_GetIO_REAL' - Prüfsummeninkonsistenz für 'General'." />
    <Help HelpId="-1" />
  </MessageCell>
  <MessageCell ServiceId="80" MessageId="30" MessageClass="Warning" Timestamp="15.06.2021 15:49:58">
    <Number ServiceNumber="80" MessageNumber="30" />
    <Text FeedbackText="Projektelement: '\PLC_1\ProgramBlocksFolder\SIEMENS_APPLICATION_EXAMPLE\KUKA_mxAutomation_V3.0.2\mxA_SystemBlocks\mxA_GetIO_SINT' - Prüfsummeninkonsistenz für 'General'." />
    <Help HelpId="-1" />
  </MessageCell>
  <MessageCell ServiceId="80" MessageId="30" MessageClass="Warning" Timestamp="15.06.2021 15:49:58">
    <Number ServiceNumber="80" MessageNumber="30" />
    <Text FeedbackText="Projektelement: '\PLC_1\ProgramBlocksFolder\SIEMENS_APPLICATION_EXAMPLE\KUKA_mxAutomation_V3.0.2\mxA_SystemBlocks\mxA_ME_TO_REAL' - Prüfsummeninkonsistenz für 'General'." />
    <Help HelpId="-1" />
  </MessageCell>
  <MessageCell ServiceId="80" MessageId="30" MessageClass="Warning" Timestamp="15.06.2021 15:49:58">
    <Number ServiceNumber="80" MessageNumber="30" />
    <Text FeedbackText="Projektelement: '\PLC_1\ProgramBlocksFolder\SIEMENS_APPLICATION_EXAMPLE\KUKA_mxAutomation_V3.0.2\mxA_SystemBlocks\mxA_ValuesToAPO' - Prüfsummeninkonsistenz für 'General'." />
    <Help HelpId="-1" />
  </MessageCell>
  <MessageCell ServiceId="80" MessageId="30" MessageClass="Warning" Timestamp="15.06.2021 15:49:58">
    <Number ServiceNumber="80" MessageNumber="30" />
    <Text FeedbackText="Projektelement: '\PLC_1\ProgramBlocksFolder\SIEMENS_APPLICATION_EXAMPLE\KUKA_mxAutomation_V3.0.2\mxA_SystemBlocks\mxA_ValuesToCOORDSYS' - Prüfsummeninkonsistenz für 'General'." />
    <Help HelpId="-1" />
  </MessageCell>
  <MessageCell ServiceId="80" MessageId="30" MessageClass="Warning" Timestamp="15.06.2021 15:49:58">
    <Number ServiceNumber="80" MessageNumber="30" />
    <Text FeedbackText="Projektelement: '\PLC_1\ProgramBlocksFolder\SIEMENS_APPLICATION_EXAMPLE\KUKA_mxAutomation_V3.0.2\mxA_SystemBlocks\mxA_ValuesToE6AXIS' - Prüfsummeninkonsistenz für 'General'." />
    <Help HelpId="-1" />
  </MessageCell>
  <MessageCell ServiceId="80" MessageId="30" MessageClass="Warning" Timestamp="15.06.2021 15:49:58">
    <Number ServiceNumber="80" MessageNumber="30" />
    <Text FeedbackText="Projektelement: '\PLC_1\ProgramBlocksFolder\SIEMENS_APPLICATION_EXAMPLE\KUKA_mxAutomation_V3.0.2\mxA_SystemBlocks\mxA_ValuesToE6POS' - Prüfsummeninkonsistenz für 'General'." />
    <Help HelpId="-1" />
  </MessageCell>
  <MessageCell ServiceId="80" MessageId="30" MessageClass="Warning" Timestamp="15.06.2021 15:49:58">
    <Number ServiceNumber="80" MessageNumber="30" />
    <Text FeedbackText="Projektelement: '\PLC_1\ProgramBlocksFolder\SIEMENS_APPLICATION_EXAMPLE\KUKA_mxAutomation_V3.0.2\mxA_SystemBlocks\mxA_ValuesToFRAME' - Prüfsummeninkonsistenz für 'General'." />
    <Help HelpId="-1" />
  </MessageCell>
  <MessageCell ServiceId="80" MessageId="30" MessageClass="Warning" Timestamp="15.06.2021 15:49:58">
    <Number ServiceNumber="80" MessageNumber="30" />
    <Text FeedbackText="Projektelement: '\PLC_1\ProgramBlocksFolder\SIEMENS_APPLICATION_EXAMPLE\KUKA_mxAutomation_V3.0.2\mxA_SystemBlocks\mxA_WriteIO_BOOL' - Prüfsummeninkonsistenz für 'General'." />
    <Help HelpId="-1" />
  </MessageCell>
  <MessageCell ServiceId="80" MessageId="30" MessageClass="Warning" Timestamp="15.06.2021 15:49:58">
    <Number ServiceNumber="80" MessageNumber="30" />
    <Text FeedbackText="Projektelement: '\PLC_1\ProgramBlocksFolder\SIEMENS_APPLICATION_EXAMPLE\KUKA_mxAutomation_V3.0.2\mxA_SystemBlocks\mxA_WriteIO_BYTE' - Prüfsummeninkonsistenz für 'General'." />
    <Help HelpId="-1" />
  </MessageCell>
  <MessageCell ServiceId="80" MessageId="30" MessageClass="Warning" Timestamp="15.06.2021 15:49:58">
    <Number ServiceNumber="80" MessageNumber="30" />
    <Text FeedbackText="Projektelement: '\PLC_1\ProgramBlocksFolder\SIEMENS_APPLICATION_EXAMPLE\KUKA_mxAutomation_V3.0.2\mxA_SystemBlocks\mxA_WriteIO_DINT' - Prüfsummeninkonsistenz für 'General'." />
    <Help HelpId="-1" />
  </MessageCell>
  <MessageCell ServiceId="80" MessageId="30" MessageClass="Warning" Timestamp="15.06.2021 15:49:58">
    <Number ServiceNumber="80" MessageNumber="30" />
    <Text FeedbackText="Projektelement: '\PLC_1\ProgramBlocksFolder\SIEMENS_APPLICATION_EXAMPLE\KUKA_mxAutomation_V3.0.2\mxA_SystemBlocks\mxA_WriteIO_DWORD' - Prüfsummeninkonsistenz für 'General'." />
    <Help HelpId="-1" />
  </MessageCell>
  <MessageCell ServiceId="80" MessageId="30" MessageClass="Warning" Timestamp="15.06.2021 15:49:58">
    <Number ServiceNumber="80" MessageNumber="30" />
    <Text FeedbackText="Projektelement: '\PLC_1\ProgramBlocksFolder\SIEMENS_APPLICATION_EXAMPLE\KUKA_mxAutomation_V3.0.2\mxA_SystemBlocks\mxA_WriteIO_REAL' - Prüfsummeninkonsistenz für 'General'." />
    <Help HelpId="-1" />
  </MessageCell>
  <MessageCell ServiceId="80" MessageId="30" MessageClass="Warning" Timestamp="15.06.2021 15:49:58">
    <Number ServiceNumber="80" MessageNumber="30" />
    <Text FeedbackText="Projektelement: '\PLC_1\ProgramBlocksFolder\SIEMENS_APPLICATION_EXAMPLE\KUKA_mxAutomation_V3.0.2\mxA_SystemBlocks\mxA_WriteIO_WORD' - Prüfsummeninkonsistenz für 'General'." />
    <Help HelpId="-1" />
  </MessageCell>
  <MessageCell ServiceId="80" MessageId="30" MessageClass="Warning" Timestamp="15.06.2021 15:49:58">
    <Number ServiceNumber="80" MessageNumber="30" />
    <Text FeedbackText="Projektelement: '\PLC_1\ProgramBlocksFolder\SIEMENS_APPLICATION_EXAMPLE\KUKA_mxAutomation_V3.0.2\mxA_SystemBlocks\REAL_TO_BOOL' - Prüfsummeninkonsistenz für 'General'." />
    <Help HelpId="-1" />
  </MessageCell>
  <MessageCell ServiceId="80" MessageId="30" MessageClass="Warning" Timestamp="15.06.2021 15:49:58">
    <Number ServiceNumber="80" MessageNumber="30" />
    <Text FeedbackText="Projektelement: '\PLC_1\ProgramBlocksFolder\SIEMENS_APPLICATION_EXAMPLE\KUKA_mxAutomation_V3.0.2\mxA_SystemBlocks\mxA_GetOrderState' - Prüfsummeninkonsistenz für 'General'." />
    <Help HelpId="-1" />
  </MessageCell>
  <MessageCell ServiceId="80" MessageId="30" MessageClass="Warning" Timestamp="15.06.2021 15:49:58">
    <Number ServiceNumber="80" MessageNumber="30" />
    <Text FeedbackText="Projektelement: '\PLC_1\ProgramBlocksFolder\SIEMENS_APPLICATION_EXAMPLE\KUKA_mxAutomation_V3.0.2\mxA_SystemBlocks\mxA_ResetCommand' - Prüfsummeninkonsistenz für 'General'." />
    <Help HelpId="-1" />
  </MessageCell>
  <MessageCell ServiceId="80" MessageId="30" MessageClass="Warning" Timestamp="15.06.2021 15:49:58">
    <Number ServiceNumber="80" MessageNumber="30" />
    <Text FeedbackText="Projektelement: '\PLC_1\ProgramBlocksFolder\SIEMENS_APPLICATION_EXAMPLE\KUKA_mxAutomation_V3.0.2\mxA_SystemBlocks\mxA_ExecuteCommand' - Prüfsummeninkonsistenz für 'General'." />
    <Help HelpId="-1" />
  </MessageCell>
  <MessageCell ServiceId="80" MessageId="30" MessageClass="Warning" Timestamp="15.06.2021 15:49:58">
    <Number ServiceNumber="80" MessageNumber="30" />
    <Text FeedbackText="Projektelement: '\PLC_1\ProgramBlocksFolder\SIEMENS_APPLICATION_EXAMPLE\KUKA_mxAutomation_V3.0.2\mxA_SystemBlocks\R_TRIG_3' - Prüfsummeninkonsistenz für 'General'." />
    <Help HelpId="-1" />
  </MessageCell>
  <MessageCell ServiceId="80" MessageId="30" MessageClass="Warning" Timestamp="15.06.2021 15:49:58">
    <Number ServiceNumber="80" MessageNumber="30" />
    <Text FeedbackText="Projektelement: '\PLC_1\ProgramBlocksFolder\SIEMENS_APPLICATION_EXAMPLE\KUKA_mxAutomation_V3.0.2\Function Blocks\KRC_Abort' - Prüfsummeninkonsistenz für 'General'." />
    <Help HelpId="-1" />
  </MessageCell>
  <MessageCell ServiceId="80" MessageId="30" MessageClass="Warning" Timestamp="15.06.2021 15:49:58">
    <Number ServiceNumber="80" MessageNumber="30" />
    <Text FeedbackText="Projektelement: '\PLC_1\ProgramBlocksFolder\SIEMENS_APPLICATION_EXAMPLE\KUKA_mxAutomation_V3.0.2\Function Blocks\KRC_ActivateConvInterrupt' - Prüfsummeninkonsistenz für 'General'." />
    <Help HelpId="-1" />
  </MessageCell>
  <MessageCell ServiceId="80" MessageId="30" MessageClass="Warning" Timestamp="15.06.2021 15:49:58">
    <Number ServiceNumber="80" MessageNumber="30" />
    <Text FeedbackText="Projektelement: '\PLC_1\ProgramBlocksFolder\SIEMENS_APPLICATION_EXAMPLE\KUKA_mxAutomation_V3.0.2\Function Blocks\KRC_ActivateInterrupt' - Prüfsummeninkonsistenz für 'General'." />
    <Help HelpId="-1" />
  </MessageCell>
  <MessageCell ServiceId="80" MessageId="30" MessageClass="Warning" Timestamp="15.06.2021 15:49:58">
    <Number ServiceNumber="80" MessageNumber="30" />
    <Text FeedbackText="Projektelement: '\PLC_1\ProgramBlocksFolder\SIEMENS_APPLICATION_EXAMPLE\KUKA_mxAutomation_V3.0.2\Function Blocks\KRC_AutomaticExternal' - Prüfsummeninkonsistenz für 'General'." />
    <Help HelpId="-1" />
  </MessageCell>
  <MessageCell ServiceId="80" MessageId="30" MessageClass="Warning" Timestamp="15.06.2021 15:49:58">
    <Number ServiceNumber="80" MessageNumber="30" />
    <Text FeedbackText="Projektelement: '\PLC_1\ProgramBlocksFolder\SIEMENS_APPLICATION_EXAMPLE\KUKA_mxAutomation_V3.0.2\Function Blocks\KRC_BrakeTest' - Prüfsummeninkonsistenz für 'General'." />
    <Help HelpId="-1" />
  </MessageCell>
  <MessageCell ServiceId="80" MessageId="30" MessageClass="Warning" Timestamp="15.06.2021 15:49:58">
    <Number ServiceNumber="80" MessageNumber="30" />
    <Text FeedbackText="Projektelement: '\PLC_1\ProgramBlocksFolder\SIEMENS_APPLICATION_EXAMPLE\KUKA_mxAutomation_V3.0.2\Function Blocks\KRC_Continue' - Prüfsummeninkonsistenz für 'General'." />
    <Help HelpId="-1" />
  </MessageCell>
  <MessageCell ServiceId="80" MessageId="30" MessageClass="Warning" Timestamp="15.06.2021 15:49:58">
    <Number ServiceNumber="80" MessageNumber="30" />
    <Text FeedbackText="Projektelement: '\PLC_1\ProgramBlocksFolder\SIEMENS_APPLICATION_EXAMPLE\KUKA_mxAutomation_V3.0.2\Function Blocks\KRC_ConvFollow' - Prüfsummeninkonsistenz für 'General'." />
    <Help HelpId="-1" />
  </MessageCell>
  <MessageCell ServiceId="80" MessageId="30" MessageClass="Warning" Timestamp="15.06.2021 15:49:58">
    <Number ServiceNumber="80" MessageNumber="30" />
    <Text FeedbackText="Projektelement: '\PLC_1\ProgramBlocksFolder\SIEMENS_APPLICATION_EXAMPLE\KUKA_mxAutomation_V3.0.2\Function Blocks\KRC_ConvIniOff' - Prüfsummeninkonsistenz für 'General'." />
    <Help HelpId="-1" />
  </MessageCell>
  <MessageCell ServiceId="80" MessageId="30" MessageClass="Warning" Timestamp="15.06.2021 15:49:58">
    <Number ServiceNumber="80" MessageNumber="30" />
    <Text FeedbackText="Projektelement: '\PLC_1\ProgramBlocksFolder\SIEMENS_APPLICATION_EXAMPLE\KUKA_mxAutomation_V3.0.2\Function Blocks\KRC_ConvOn' - Prüfsummeninkonsistenz für 'General'." />
    <Help HelpId="-1" />
  </MessageCell>
  <MessageCell ServiceId="80" MessageId="30" MessageClass="Warning" Timestamp="15.06.2021 15:49:58">
    <Number ServiceNumber="80" MessageNumber="30" />
    <Text FeedbackText="Projektelement: '\PLC_1\ProgramBlocksFolder\SIEMENS_APPLICATION_EXAMPLE\KUKA_mxAutomation_V3.0.2\Function Blocks\KRC_ConvSkip' - Prüfsummeninkonsistenz für 'General'." />
    <Help HelpId="-1" />
  </MessageCell>
  <MessageCell ServiceId="80" MessageId="30" MessageClass="Warning" Timestamp="15.06.2021 15:49:58">
    <Number ServiceNumber="80" MessageNumber="30" />
    <Text FeedbackText="Projektelement: '\PLC_1\ProgramBlocksFolder\SIEMENS_APPLICATION_EXAMPLE\KUKA_mxAutomation_V3.0.2\Function Blocks\KRC_DeaktivateConvInterrupt' - Prüfsummeninkonsistenz für 'General'." />
    <Help HelpId="-1" />
  </MessageCell>
  <MessageCell ServiceId="80" MessageId="30" MessageClass="Warning" Timestamp="15.06.2021 15:49:58">
    <Number ServiceNumber="80" MessageNumber="30" />
    <Text FeedbackText="Projektelement: '\PLC_1\ProgramBlocksFolder\SIEMENS_APPLICATION_EXAMPLE\KUKA_mxAutomation_V3.0.2\Function Blocks\KRC_Diag' - Prüfsummeninkonsistenz für 'General'." />
    <Help HelpId="-1" />
  </MessageCell>
  <MessageCell ServiceId="80" MessageId="30" MessageClass="Warning" Timestamp="15.06.2021 15:49:58">
    <Number ServiceNumber="80" MessageNumber="30" />
    <Text FeedbackText="Projektelement: '\PLC_1\ProgramBlocksFolder\SIEMENS_APPLICATION_EXAMPLE\KUKA_mxAutomation_V3.0.2\Function Blocks\KRC_DeclareInterrupt' - Prüfsummeninkonsistenz für 'General'." />
    <Help HelpId="-1" />
  </MessageCell>
  <MessageCell ServiceId="80" MessageId="30" MessageClass="Warning" Timestamp="15.06.2021 15:49:58">
    <Number ServiceNumber="80" MessageNumber="30" />
    <Text FeedbackText="Projektelement: '\PLC_1\ProgramBlocksFolder\SIEMENS_APPLICATION_EXAMPLE\KUKA_mxAutomation_V3.0.2\Function Blocks\KRC_DeactivateInterrupt' - Prüfsummeninkonsistenz für 'General'." />
    <Help HelpId="-1" />
  </MessageCell>
  <MessageCell ServiceId="80" MessageId="30" MessageClass="Warning" Timestamp="15.06.2021 15:49:58">
    <Number ServiceNumber="80" MessageNumber="30" />
    <Text FeedbackText="Projektelement: '\PLC_1\ProgramBlocksFolder\SIEMENS_APPLICATION_EXAMPLE\KUKA_mxAutomation_V3.0.2\Function Blocks\KRC_Error' - Prüfsummeninkonsistenz für 'General'." />
    <Help HelpId="-1" />
  </MessageCell>
  <MessageCell ServiceId="80" MessageId="30" MessageClass="Warning" Timestamp="15.06.2021 15:49:58">
    <Number ServiceNumber="80" MessageNumber="30" />
    <Text FeedbackText="Projektelement: '\PLC_1\ProgramBlocksFolder\SIEMENS_APPLICATION_EXAMPLE\KUKA_mxAutomation_V3.0.2\Function Blocks\KRC_Forward' - Prüfsummeninkonsistenz für 'General'." />
    <Help HelpId="-1" />
  </MessageCell>
  <MessageCell ServiceId="80" MessageId="30" MessageClass="Warning" Timestamp="15.06.2021 15:49:58">
    <Number ServiceNumber="80" MessageNumber="30" />
    <Text FeedbackText="Projektelement: '\PLC_1\ProgramBlocksFolder\SIEMENS_APPLICATION_EXAMPLE\KUKA_mxAutomation_V3.0.2\Function Blocks\KRC_Interrupt' - Prüfsummeninkonsistenz für 'General'." />
    <Help HelpId="-1" />
  </MessageCell>
  <MessageCell ServiceId="80" MessageId="30" MessageClass="Warning" Timestamp="15.06.2021 15:49:58">
    <Number ServiceNumber="80" MessageNumber="30" />
    <Text FeedbackText="Projektelement: '\PLC_1\ProgramBlocksFolder\SIEMENS_APPLICATION_EXAMPLE\KUKA_mxAutomation_V3.0.2\Function Blocks\KRC_Initialize' - Prüfsummeninkonsistenz für 'General'." />
    <Help HelpId="-1" />
  </MessageCell>
  <MessageCell ServiceId="80" MessageId="30" MessageClass="Warning" Timestamp="15.06.2021 15:49:58">
    <Number ServiceNumber="80" MessageNumber="30" />
    <Text FeedbackText="Projektelement: '\PLC_1\ProgramBlocksFolder\SIEMENS_APPLICATION_EXAMPLE\KUKA_mxAutomation_V3.0.2\Function Blocks\KRC_GetAdvance' - Prüfsummeninkonsistenz für 'General'." />
    <Help HelpId="-1" />
  </MessageCell>
  <MessageCell ServiceId="80" MessageId="30" MessageClass="Warning" Timestamp="15.06.2021 15:49:58">
    <Number ServiceNumber="80" MessageNumber="30" />
    <Text FeedbackText="Projektelement: '\PLC_1\ProgramBlocksFolder\SIEMENS_APPLICATION_EXAMPLE\KUKA_mxAutomation_V3.0.2\Function Blocks\KRC_Inverse' - Prüfsummeninkonsistenz für 'General'." />
    <Help HelpId="-1" />
  </MessageCell>
  <MessageCell ServiceId="80" MessageId="30" MessageClass="Warning" Timestamp="15.06.2021 15:49:58">
    <Number ServiceNumber="80" MessageNumber="30" />
    <Text FeedbackText="Projektelement: '\PLC_1\ProgramBlocksFolder\SIEMENS_APPLICATION_EXAMPLE\KUKA_mxAutomation_V3.0.2\Function Blocks\KRC_Jog' - Prüfsummeninkonsistenz für 'General'." />
    <Help HelpId="-1" />
  </MessageCell>
  <MessageCell ServiceId="80" MessageId="30" MessageClass="Warning" Timestamp="15.06.2021 15:49:58">
    <Number ServiceNumber="80" MessageNumber="30" />
    <Text FeedbackText="Projektelement: '\PLC_1\ProgramBlocksFolder\SIEMENS_APPLICATION_EXAMPLE\KUKA_mxAutomation_V3.0.2\Function Blocks\KRC_MessageReset' - Prüfsummeninkonsistenz für 'General'." />
    <Help HelpId="-1" />
  </MessageCell>
  <MessageCell ServiceId="80" MessageId="30" MessageClass="Warning" Timestamp="15.06.2021 15:49:58">
    <Number ServiceNumber="80" MessageNumber="30" />
    <Text FeedbackText="Projektelement: '\PLC_1\ProgramBlocksFolder\SIEMENS_APPLICATION_EXAMPLE\KUKA_mxAutomation_V3.0.2\Function Blocks\KRC_JogLinearRelative' - Prüfsummeninkonsistenz für 'General'." />
    <Help HelpId="-1" />
  </MessageCell>
  <MessageCell ServiceId="80" MessageId="30" MessageClass="Warning" Timestamp="15.06.2021 15:49:58">
    <Number ServiceNumber="80" MessageNumber="30" />
    <Text FeedbackText="Projektelement: '\PLC_1\ProgramBlocksFolder\SIEMENS_APPLICATION_EXAMPLE\KUKA_mxAutomation_V3.0.2\Function Blocks\KRC_JogToolRelative' - Prüfsummeninkonsistenz für 'General'." />
    <Help HelpId="-1" />
  </MessageCell>
  <MessageCell ServiceId="80" MessageId="30" MessageClass="Warning" Timestamp="15.06.2021 15:49:58">
    <Number ServiceNumber="80" MessageNumber="30" />
    <Text FeedbackText="Projektelement: '\PLC_1\ProgramBlocksFolder\SIEMENS_APPLICATION_EXAMPLE\KUKA_mxAutomation_V3.0.2\Function Blocks\KRC_MasRef' - Prüfsummeninkonsistenz für 'General'." />
    <Help HelpId="-1" />
  </MessageCell>
  <MessageCell ServiceId="80" MessageId="30" MessageClass="Warning" Timestamp="15.06.2021 15:49:58">
    <Number ServiceNumber="80" MessageNumber="30" />
    <Text FeedbackText="Projektelement: '\PLC_1\ProgramBlocksFolder\SIEMENS_APPLICATION_EXAMPLE\KUKA_mxAutomation_V3.0.2\Function Blocks\KRC_MoveLineaAbsolute' - Prüfsummeninkonsistenz für 'General'." />
    <Help HelpId="-1" />
  </MessageCell>
  <MessageCell ServiceId="80" MessageId="30" MessageClass="Warning" Timestamp="15.06.2021 15:49:58">
    <Number ServiceNumber="80" MessageNumber="30" />
    <Text FeedbackText="Projektelement: '\PLC_1\ProgramBlocksFolder\SIEMENS_APPLICATION_EXAMPLE\KUKA_mxAutomation_V3.0.2\Function Blocks\KRC_MoveLineaRelative' - Prüfsummeninkonsistenz für 'General'." />
    <Help HelpId="-1" />
  </MessageCell>
  <MessageCell ServiceId="80" MessageId="30" MessageClass="Warning" Timestamp="15.06.2021 15:49:58">
    <Number ServiceNumber="80" MessageNumber="30" />
    <Text FeedbackText="Projektelement: '\PLC_1\ProgramBlocksFolder\SIEMENS_APPLICATION_EXAMPLE\KUKA_mxAutomation_V3.0.2\Function Blocks\KRC_MoveDirectAbsolute' - Prüfsummeninkonsistenz für 'General'." />
    <Help HelpId="-1" />
  </MessageCell>
  <MessageCell ServiceId="80" MessageId="30" MessageClass="Warning" Timestamp="15.06.2021 15:49:58">
    <Number ServiceNumber="80" MessageNumber="30" />
    <Text FeedbackText="Projektelement: '\PLC_1\ProgramBlocksFolder\SIEMENS_APPLICATION_EXAMPLE\KUKA_mxAutomation_V3.0.2\Function Blocks\KRC_MoveDirectRelative' - Prüfsummeninkonsistenz für 'General'." />
    <Help HelpId="-1" />
  </MessageCell>
  <MessageCell ServiceId="80" MessageId="30" MessageClass="Warning" Timestamp="15.06.2021 15:49:58">
    <Number ServiceNumber="80" MessageNumber="30" />
    <Text FeedbackText="Projektelement: '\PLC_1\ProgramBlocksFolder\SIEMENS_APPLICATION_EXAMPLE\KUKA_mxAutomation_V3.0.2\Function Blocks\KRC_MoveAxisAbsolute' - Prüfsummeninkonsistenz für 'General'." />
    <Help HelpId="-1" />
  </MessageCell>
  <MessageCell ServiceId="80" MessageId="30" MessageClass="Warning" Timestamp="15.06.2021 15:49:58">
    <Number ServiceNumber="80" MessageNumber="30" />
    <Text FeedbackText="Projektelement: '\PLC_1\ProgramBlocksFolder\SIEMENS_APPLICATION_EXAMPLE\KUKA_mxAutomation_V3.0.2\Function Blocks\KRC_MoveCircAbsolute' - Prüfsummeninkonsistenz für 'General'." />
    <Help HelpId="-1" />
  </MessageCell>
  <MessageCell ServiceId="80" MessageId="30" MessageClass="Warning" Timestamp="15.06.2021 15:49:58">
    <Number ServiceNumber="80" MessageNumber="30" />
    <Text FeedbackText="Projektelement: '\PLC_1\ProgramBlocksFolder\SIEMENS_APPLICATION_EXAMPLE\KUKA_mxAutomation_V3.0.2\Function Blocks\KRC_MoveCircRelative' - Prüfsummeninkonsistenz für 'General'." />
    <Help HelpId="-1" />
  </MessageCell>
  <MessageCell ServiceId="80" MessageId="30" MessageClass="Warning" Timestamp="15.06.2021 15:49:58">
    <Number ServiceNumber="80" MessageNumber="30" />
    <Text FeedbackText="Projektelement: '\PLC_1\ProgramBlocksFolder\SIEMENS_APPLICATION_EXAMPLE\KUKA_mxAutomation_V3.0.2\Function Blocks\KRC_ReadActualPosition' - Prüfsummeninkonsistenz für 'General'." />
    <Help HelpId="-1" />
  </MessageCell>
  <MessageCell ServiceId="80" MessageId="30" MessageClass="Warning" Timestamp="15.06.2021 15:49:58">
    <Number ServiceNumber="80" MessageNumber="30" />
    <Text FeedbackText="Projektelement: '\PLC_1\ProgramBlocksFolder\SIEMENS_APPLICATION_EXAMPLE\KUKA_mxAutomation_V3.0.2\Function Blocks\KRC_ReadActualAxisPos' - Prüfsummeninkonsistenz für 'General'." />
    <Help HelpId="-1" />
  </MessageCell>
  <MessageCell ServiceId="80" MessageId="30" MessageClass="Warning" Timestamp="15.06.2021 15:49:58">
    <Number ServiceNumber="80" MessageNumber="30" />
    <Text FeedbackText="Projektelement: '\PLC_1\ProgramBlocksFolder\SIEMENS_APPLICATION_EXAMPLE\KUKA_mxAutomation_V3.0.2\Function Blocks\KRC_ReadActualVelocity' - Prüfsummeninkonsistenz für 'General'." />
    <Help HelpId="-1" />
  </MessageCell>
  <MessageCell ServiceId="80" MessageId="30" MessageClass="Warning" Timestamp="15.06.2021 15:49:58">
    <Number ServiceNumber="80" MessageNumber="30" />
    <Text FeedbackText="Projektelement: '\PLC_1\ProgramBlocksFolder\SIEMENS_APPLICATION_EXAMPLE\KUKA_mxAutomation_V3.0.2\Function Blocks\KRC_ReadActualAxisVelocity' - Prüfsummeninkonsistenz für 'General'." />
    <Help HelpId="-1" />
  </MessageCell>
  <MessageCell ServiceId="80" MessageId="30" MessageClass="Warning" Timestamp="15.06.2021 15:49:58">
    <Number ServiceNumber="80" MessageNumber="30" />
    <Text FeedbackText="Projektelement: '\PLC_1\ProgramBlocksFolder\SIEMENS_APPLICATION_EXAMPLE\KUKA_mxAutomation_V3.0.2\Function Blocks\KRC_ReadActualAcceleration' - Prüfsummeninkonsistenz für 'General'." />
    <Help HelpId="-1" />
  </MessageCell>
  <MessageCell ServiceId="80" MessageId="30" MessageClass="Warning" Timestamp="15.06.2021 15:49:59">
    <Number ServiceNumber="80" MessageNumber="30" />
    <Text FeedbackText="Projektelement: '\PLC_1\ProgramBlocksFolder\SIEMENS_APPLICATION_EXAMPLE\KUKA_mxAutomation_V3.0.2\Function Blocks\KRC_ReadAnalogInput' - Prüfsummeninkonsistenz für 'General'." />
    <Help HelpId="-1" />
  </MessageCell>
  <MessageCell ServiceId="80" MessageId="30" MessageClass="Warning" Timestamp="15.06.2021 15:49:59">
    <Number ServiceNumber="80" MessageNumber="30" />
    <Text FeedbackText="Projektelement: '\PLC_1\ProgramBlocksFolder\SIEMENS_APPLICATION_EXAMPLE\KUKA_mxAutomation_V3.0.2\Function Blocks\KRC_ReadAnalogOutput' - Prüfsummeninkonsistenz für 'General'." />
    <Help HelpId="-1" />
  </MessageCell>
  <MessageCell ServiceId="80" MessageId="30" MessageClass="Warning" Timestamp="15.06.2021 15:49:59">
    <Number ServiceNumber="80" MessageNumber="30" />
    <Text FeedbackText="Projektelement: '\PLC_1\ProgramBlocksFolder\SIEMENS_APPLICATION_EXAMPLE\KUKA_mxAutomation_V3.0.2\Function Blocks\KRC_ReadAxWorkspace' - Prüfsummeninkonsistenz für 'General'." />
    <Help HelpId="-1" />
  </MessageCell>
  <MessageCell ServiceId="80" MessageId="30" MessageClass="Warning" Timestamp="15.06.2021 15:49:59">
    <Number ServiceNumber="80" MessageNumber="30" />
    <Text FeedbackText="Projektelement: '\PLC_1\ProgramBlocksFolder\SIEMENS_APPLICATION_EXAMPLE\KUKA_mxAutomation_V3.0.2\Function Blocks\KRC_ReadDigitalInput' - Prüfsummeninkonsistenz für 'General'." />
    <Help HelpId="-1" />
  </MessageCell>
  <MessageCell ServiceId="80" MessageId="30" MessageClass="Warning" Timestamp="15.06.2021 15:49:59">
    <Number ServiceNumber="80" MessageNumber="30" />
    <Text FeedbackText="Projektelement: '\PLC_1\ProgramBlocksFolder\SIEMENS_APPLICATION_EXAMPLE\KUKA_mxAutomation_V3.0.2\Function Blocks\KRC_ReadDigitalOutput' - Prüfsummeninkonsistenz für 'General'." />
    <Help HelpId="-1" />
  </MessageCell>
  <MessageCell ServiceId="80" MessageId="30" MessageClass="Warning" Timestamp="15.06.2021 15:49:59">
    <Number ServiceNumber="80" MessageNumber="30" />
    <Text FeedbackText="Projektelement: '\PLC_1\ProgramBlocksFolder\SIEMENS_APPLICATION_EXAMPLE\KUKA_mxAutomation_V3.0.2\Function Blocks\KRC_ReadInterruptState' - Prüfsummeninkonsistenz für 'General'." />
    <Help HelpId="-1" />
  </MessageCell>
  <MessageCell ServiceId="80" MessageId="30" MessageClass="Warning" Timestamp="15.06.2021 15:49:59">
    <Number ServiceNumber="80" MessageNumber="30" />
    <Text FeedbackText="Projektelement: '\PLC_1\ProgramBlocksFolder\SIEMENS_APPLICATION_EXAMPLE\KUKA_mxAutomation_V3.0.2\Function Blocks\KRC_ReadBaseData' - Prüfsummeninkonsistenz für 'General'." />
    <Help HelpId="-1" />
  </MessageCell>
  <MessageCell ServiceId="80" MessageId="30" MessageClass="Warning" Timestamp="15.06.2021 15:49:59">
    <Number ServiceNumber="80" MessageNumber="30" />
    <Text FeedbackText="Projektelement: '\PLC_1\ProgramBlocksFolder\SIEMENS_APPLICATION_EXAMPLE\KUKA_mxAutomation_V3.0.2\Function Blocks\KRC_ReadDigitalInput1To8' - Prüfsummeninkonsistenz für 'General'." />
    <Help HelpId="-1" />
  </MessageCell>
  <MessageCell ServiceId="80" MessageId="30" MessageClass="Warning" Timestamp="15.06.2021 15:49:59">
    <Number ServiceNumber="80" MessageNumber="30" />
    <Text FeedbackText="Projektelement: '\PLC_1\ProgramBlocksFolder\SIEMENS_APPLICATION_EXAMPLE\KUKA_mxAutomation_V3.0.2\Function Blocks\KRC_ReadDigitalInputArray' - Prüfsummeninkonsistenz für 'General'." />
    <Help HelpId="-1" />
  </MessageCell>
  <MessageCell ServiceId="80" MessageId="30" MessageClass="Warning" Timestamp="15.06.2021 15:49:59">
    <Number ServiceNumber="80" MessageNumber="30" />
    <Text FeedbackText="Projektelement: '\PLC_1\ProgramBlocksFolder\SIEMENS_APPLICATION_EXAMPLE\KUKA_mxAutomation_V3.0.2\Function Blocks\KRC_ReadSoftEndEx' - Prüfsummeninkonsistenz für 'General'." />
    <Help HelpId="-1" />
  </MessageCell>
  <MessageCell ServiceId="80" MessageId="30" MessageClass="Warning" Timestamp="15.06.2021 15:49:59">
    <Number ServiceNumber="80" MessageNumber="30" />
    <Text FeedbackText="Projektelement: '\PLC_1\ProgramBlocksFolder\SIEMENS_APPLICATION_EXAMPLE\KUKA_mxAutomation_V3.0.2\Function Blocks\KRC_ReadMXAStatus' - Prüfsummeninkonsistenz für 'General'." />
    <Help HelpId="-1" />
  </MessageCell>
  <MessageCell ServiceId="80" MessageId="30" MessageClass="Warning" Timestamp="15.06.2021 15:49:59">
    <Number ServiceNumber="80" MessageNumber="30" />
    <Text FeedbackText="Projektelement: '\PLC_1\ProgramBlocksFolder\SIEMENS_APPLICATION_EXAMPLE\KUKA_mxAutomation_V3.0.2\Function Blocks\KRC_ReadSafeOPStatus' - Prüfsummeninkonsistenz für 'General'." />
    <Help HelpId="-1" />
  </MessageCell>
  <MessageCell ServiceId="80" MessageId="30" MessageClass="Warning" Timestamp="15.06.2021 15:49:59">
    <Number ServiceNumber="80" MessageNumber="30" />
    <Text FeedbackText="Projektelement: '\PLC_1\ProgramBlocksFolder\SIEMENS_APPLICATION_EXAMPLE\KUKA_mxAutomation_V3.0.2\Function Blocks\KRC_ReadMXAError' - Prüfsummeninkonsistenz für 'General'." />
    <Help HelpId="-1" />
  </MessageCell>
  <MessageCell ServiceId="80" MessageId="30" MessageClass="Warning" Timestamp="15.06.2021 15:49:59">
    <Number ServiceNumber="80" MessageNumber="30" />
    <Text FeedbackText="Projektelement: '\PLC_1\ProgramBlocksFolder\SIEMENS_APPLICATION_EXAMPLE\KUKA_mxAutomation_V3.0.2\Function Blocks\KRC_ReadKRCError' - Prüfsummeninkonsistenz für 'General'." />
    <Help HelpId="-1" />
  </MessageCell>
  <MessageCell ServiceId="80" MessageId="30" MessageClass="Warning" Timestamp="15.06.2021 15:49:59">
    <Number ServiceNumber="80" MessageNumber="30" />
    <Text FeedbackText="Projektelement: '\PLC_1\ProgramBlocksFolder\SIEMENS_APPLICATION_EXAMPLE\KUKA_mxAutomation_V3.0.2\Function Blocks\KRC_ReadLoadData' - Prüfsummeninkonsistenz für 'General'." />
    <Help HelpId="-1" />
  </MessageCell>
  <MessageCell ServiceId="80" MessageId="30" MessageClass="Warning" Timestamp="15.06.2021 15:49:59">
    <Number ServiceNumber="80" MessageNumber="30" />
    <Text FeedbackText="Projektelement: '\PLC_1\ProgramBlocksFolder\SIEMENS_APPLICATION_EXAMPLE\KUKA_mxAutomation_V3.0.2\Function Blocks\KRC_ReadSoftEnd' - Prüfsummeninkonsistenz für 'General'." />
    <Help HelpId="-1" />
  </MessageCell>
  <MessageCell ServiceId="80" MessageId="30" MessageClass="Warning" Timestamp="15.06.2021 15:49:59">
    <Number ServiceNumber="80" MessageNumber="30" />
    <Text FeedbackText="Projektelement: '\PLC_1\ProgramBlocksFolder\SIEMENS_APPLICATION_EXAMPLE\KUKA_mxAutomation_V3.0.2\Function Blocks\KRC_ReadSysVar' - Prüfsummeninkonsistenz für 'General'." />
    <Help HelpId="-1" />
  </MessageCell>
  <MessageCell ServiceId="80" MessageId="30" MessageClass="Warning" Timestamp="15.06.2021 15:49:59">
    <Number ServiceNumber="80" MessageNumber="30" />
    <Text FeedbackText="Projektelement: '\PLC_1\ProgramBlocksFolder\SIEMENS_APPLICATION_EXAMPLE\KUKA_mxAutomation_V3.0.2\Function Blocks\KRC_ReadToolData' - Prüfsummeninkonsistenz für 'General'." />
    <Help HelpId="-1" />
  </MessageCell>
  <MessageCell ServiceId="80" MessageId="30" MessageClass="Warning" Timestamp="15.06.2021 15:49:59">
    <Number ServiceNumber="80" MessageNumber="30" />
    <Text FeedbackText="Projektelement: '\PLC_1\ProgramBlocksFolder\SIEMENS_APPLICATION_EXAMPLE\KUKA_mxAutomation_V3.0.2\Function Blocks\KRC_ReadTouchUPState' - Prüfsummeninkonsistenz für 'General'." />
    <Help HelpId="-1" />
  </MessageCell>
  <MessageCell ServiceId="80" MessageId="30" MessageClass="Warning" Timestamp="15.06.2021 15:49:59">
    <Number ServiceNumber="80" MessageNumber="30" />
    <Text FeedbackText="Projektelement: '\PLC_1\ProgramBlocksFolder\SIEMENS_APPLICATION_EXAMPLE\KUKA_mxAutomation_V3.0.2\Function Blocks\KRC_ReadWorkspace' - Prüfsummeninkonsistenz für 'General'." />
    <Help HelpId="-1" />
  </MessageCell>
  <MessageCell ServiceId="80" MessageId="30" MessageClass="Warning" Timestamp="15.06.2021 15:49:59">
    <Number ServiceNumber="80" MessageNumber="30" />
    <Text FeedbackText="Projektelement: '\PLC_1\ProgramBlocksFolder\SIEMENS_APPLICATION_EXAMPLE\KUKA_mxAutomation_V3.0.2\Function Blocks\KRC_ReadWorkstates' - Prüfsummeninkonsistenz für 'General'." />
    <Help HelpId="-1" />
  </MessageCell>
  <MessageCell ServiceId="80" MessageId="30" MessageClass="Warning" Timestamp="15.06.2021 15:49:59">
    <Number ServiceNumber="80" MessageNumber="30" />
    <Text FeedbackText="Projektelement: '\PLC_1\ProgramBlocksFolder\SIEMENS_APPLICATION_EXAMPLE\KUKA_mxAutomation_V3.0.2\Function Blocks\KRC_SetOverride' - Prüfsummeninkonsistenz für 'General'." />
    <Help HelpId="-1" />
  </MessageCell>
  <MessageCell ServiceId="80" MessageId="30" MessageClass="Warning" Timestamp="15.06.2021 15:49:59">
    <Number ServiceNumber="80" MessageNumber="30" />
    <Text FeedbackText="Projektelement: '\PLC_1\ProgramBlocksFolder\SIEMENS_APPLICATION_EXAMPLE\KUKA_mxAutomation_V3.0.2\Function Blocks\KRC_SetDistanceTrigger' - Prüfsummeninkonsistenz für 'General'." />
    <Help HelpId="-1" />
  </MessageCell>
  <MessageCell ServiceId="80" MessageId="30" MessageClass="Warning" Timestamp="15.06.2021 15:49:59">
    <Number ServiceNumber="80" MessageNumber="30" />
    <Text FeedbackText="Projektelement: '\PLC_1\ProgramBlocksFolder\SIEMENS_APPLICATION_EXAMPLE\KUKA_mxAutomation_V3.0.2\Function Blocks\KRC_SetPathTrigger' - Prüfsummeninkonsistenz für 'General'." />
    <Help HelpId="-1" />
  </MessageCell>
  <MessageCell ServiceId="80" MessageId="30" MessageClass="Warning" Timestamp="15.06.2021 15:49:59">
    <Number ServiceNumber="80" MessageNumber="30" />
    <Text FeedbackText="Projektelement: '\PLC_1\ProgramBlocksFolder\SIEMENS_APPLICATION_EXAMPLE\KUKA_mxAutomation_V3.0.2\Function Blocks\KRC_SetCoordSys' - Prüfsummeninkonsistenz für 'General'." />
    <Help HelpId="-1" />
  </MessageCell>
  <MessageCell ServiceId="80" MessageId="30" MessageClass="Warning" Timestamp="15.06.2021 15:49:59">
    <Number ServiceNumber="80" MessageNumber="30" />
    <Text FeedbackText="Projektelement: '\PLC_1\ProgramBlocksFolder\SIEMENS_APPLICATION_EXAMPLE\KUKA_mxAutomation_V3.0.2\Function Blocks\KRC_TouchUP' - Prüfsummeninkonsistenz für 'General'." />
    <Help HelpId="-1" />
  </MessageCell>
  <MessageCell ServiceId="80" MessageId="30" MessageClass="Warning" Timestamp="15.06.2021 15:49:59">
    <Number ServiceNumber="80" MessageNumber="30" />
    <Text FeedbackText="Projektelement: '\PLC_1\ProgramBlocksFolder\SIEMENS_APPLICATION_EXAMPLE\KUKA_mxAutomation_V3.0.2\Function Blocks\KRC_TechFunction' - Prüfsummeninkonsistenz für 'General'." />
    <Help HelpId="-1" />
  </MessageCell>
  <MessageCell ServiceId="80" MessageId="30" MessageClass="Warning" Timestamp="15.06.2021 15:49:59">
    <Number ServiceNumber="80" MessageNumber="30" />
    <Text FeedbackText="Projektelement: '\PLC_1\ProgramBlocksFolder\SIEMENS_APPLICATION_EXAMPLE\KUKA_mxAutomation_V3.0.2\Function Blocks\KRC_VectorMoveOff' - Prüfsummeninkonsistenz für 'General'." />
    <Help HelpId="-1" />
  </MessageCell>
  <MessageCell ServiceId="80" MessageId="30" MessageClass="Warning" Timestamp="15.06.2021 15:49:59">
    <Number ServiceNumber="80" MessageNumber="30" />
    <Text FeedbackText="Projektelement: '\PLC_1\ProgramBlocksFolder\SIEMENS_APPLICATION_EXAMPLE\KUKA_mxAutomation_V3.0.2\Function Blocks\KRC_VectorMoveOn' - Prüfsummeninkonsistenz für 'General'." />
    <Help HelpId="-1" />
  </MessageCell>
  <MessageCell ServiceId="80" MessageId="30" MessageClass="Warning" Timestamp="15.06.2021 15:49:59">
    <Number ServiceNumber="80" MessageNumber="30" />
    <Text FeedbackText="Projektelement: '\PLC_1\ProgramBlocksFolder\SIEMENS_APPLICATION_EXAMPLE\KUKA_mxAutomation_V3.0.2\Function Blocks\KRC_WaitForInput' - Prüfsummeninkonsistenz für 'General'." />
    <Help HelpId="-1" />
  </MessageCell>
  <MessageCell ServiceId="80" MessageId="30" MessageClass="Warning" Timestamp="15.06.2021 15:49:59">
    <Number ServiceNumber="80" MessageNumber="30" />
    <Text FeedbackText="Projektelement: '\PLC_1\ProgramBlocksFolder\SIEMENS_APPLICATION_EXAMPLE\KUKA_mxAutomation_V3.0.2\Function Blocks\KRC_WriteAnalogOutput' - Prüfsummeninkonsistenz für 'General'." />
    <Help HelpId="-1" />
  </MessageCell>
  <MessageCell ServiceId="80" MessageId="30" MessageClass="Warning" Timestamp="15.06.2021 15:49:59">
    <Number ServiceNumber="80" MessageNumber="30" />
    <Text FeedbackText="Projektelement: '\PLC_1\ProgramBlocksFolder\SIEMENS_APPLICATION_EXAMPLE\KUKA_mxAutomation_V3.0.2\Function Blocks\KRC_WriteAxWorkspace' - Prüfsummeninkonsistenz für 'General'." />
    <Help HelpId="-1" />
  </MessageCell>
  <MessageCell ServiceId="80" MessageId="30" MessageClass="Warning" Timestamp="15.06.2021 15:49:59">
    <Number ServiceNumber="80" MessageNumber="30" />
    <Text FeedbackText="Projektelement: '\PLC_1\ProgramBlocksFolder\SIEMENS_APPLICATION_EXAMPLE\KUKA_mxAutomation_V3.0.2\Function Blocks\KRC_WriteBaseData' - Prüfsummeninkonsistenz für 'General'." />
    <Help HelpId="-1" />
  </MessageCell>
  <MessageCell ServiceId="80" MessageId="30" MessageClass="Warning" Timestamp="15.06.2021 15:49:59">
    <Number ServiceNumber="80" MessageNumber="30" />
    <Text FeedbackText="Projektelement: '\PLC_1\ProgramBlocksFolder\SIEMENS_APPLICATION_EXAMPLE\KUKA_mxAutomation_V3.0.2\Function Blocks\KRC_WriteDigitalOutput' - Prüfsummeninkonsistenz für 'General'." />
    <Help HelpId="-1" />
  </MessageCell>
  <MessageCell ServiceId="80" MessageId="30" MessageClass="Warning" Timestamp="15.06.2021 15:49:59">
    <Number ServiceNumber="80" MessageNumber="30" />
    <Text FeedbackText="Projektelement: '\PLC_1\ProgramBlocksFolder\SIEMENS_APPLICATION_EXAMPLE\KUKA_mxAutomation_V3.0.2\Function Blocks\KRC_WriteDigitalOutput1To8' - Prüfsummeninkonsistenz für 'General'." />
    <Help HelpId="-1" />
  </MessageCell>
  <MessageCell ServiceId="80" MessageId="30" MessageClass="Warning" Timestamp="15.06.2021 15:49:59">
    <Number ServiceNumber="80" MessageNumber="30" />
    <Text FeedbackText="Projektelement: '\PLC_1\ProgramBlocksFolder\SIEMENS_APPLICATION_EXAMPLE\KUKA_mxAutomation_V3.0.2\Function Blocks\KRC_WriteLoadData' - Prüfsummeninkonsistenz für 'General'." />
    <Help HelpId="-1" />
  </MessageCell>
  <MessageCell ServiceId="80" MessageId="30" MessageClass="Warning" Timestamp="15.06.2021 15:49:59">
    <Number ServiceNumber="80" MessageNumber="30" />
    <Text FeedbackText="Projektelement: '\PLC_1\ProgramBlocksFolder\SIEMENS_APPLICATION_EXAMPLE\KUKA_mxAutomation_V3.0.2\Function Blocks\KRC_WriteSoftEnd' - Prüfsummeninkonsistenz für 'General'." />
    <Help HelpId="-1" />
  </MessageCell>
  <MessageCell ServiceId="80" MessageId="30" MessageClass="Warning" Timestamp="15.06.2021 15:49:59">
    <Number ServiceNumber="80" MessageNumber="30" />
    <Text FeedbackText="Projektelement: '\PLC_1\ProgramBlocksFolder\SIEMENS_APPLICATION_EXAMPLE\KUKA_mxAutomation_V3.0.2\Function Blocks\KRC_WriteSoftEndEx' - Prüfsummeninkonsistenz für 'General'." />
    <Help HelpId="-1" />
  </MessageCell>
  <MessageCell ServiceId="80" MessageId="30" MessageClass="Warning" Timestamp="15.06.2021 15:49:59">
    <Number ServiceNumber="80" MessageNumber="30" />
    <Text FeedbackText="Projektelement: '\PLC_1\ProgramBlocksFolder\SIEMENS_APPLICATION_EXAMPLE\KUKA_mxAutomation_V3.0.2\Function Blocks\KRC_WriteSysVar' - Prüfsummeninkonsistenz für 'General'." />
    <Help HelpId="-1" />
  </MessageCell>
  <MessageCell ServiceId="80" MessageId="30" MessageClass="Warning" Timestamp="15.06.2021 15:49:59">
    <Number ServiceNumber="80" MessageNumber="30" />
    <Text FeedbackText="Projektelement: '\PLC_1\ProgramBlocksFolder\SIEMENS_APPLICATION_EXAMPLE\KUKA_mxAutomation_V3.0.2\Function Blocks\KRC_WriteToolData' - Prüfsummeninkonsistenz für 'General'." />
    <Help HelpId="-1" />
  </MessageCell>
  <MessageCell ServiceId="80" MessageId="30" MessageClass="Warning" Timestamp="15.06.2021 15:49:59">
    <Number ServiceNumber="80" MessageNumber="30" />
    <Text FeedbackText="Projektelement: '\PLC_1\ProgramBlocksFolder\SIEMENS_APPLICATION_EXAMPLE\KUKA_mxAutomation_V3.0.2\Function Blocks\KRC_WriteWorkspace' - Prüfsummeninkonsistenz für 'General'." />
    <Help HelpId="-1" />
  </MessageCell>
  <MessageCell ServiceId="80" MessageId="30" MessageClass="Warning" Timestamp="15.06.2021 15:49:59">
    <Number ServiceNumber="80" MessageNumber="30" />
    <Text FeedbackText="Projektelement: '\PLC_1\ProgramBlocksFolder\SIEMENS_APPLICATION_EXAMPLE\KUKA_mxAutomation_V3.0.2\Function Blocks\KRC_SetAdvance' - Prüfsummeninkonsistenz für 'General'." />
    <Help HelpId="-1" />
  </MessageCell>
  <MessageCell ServiceId="80" MessageId="30" MessageClass="Warning" Timestamp="15.06.2021 15:49:59">
    <Number ServiceNumber="80" MessageNumber="30" />
    <Text FeedbackText="Projektelement: '\PLC_1\ProgramBlocksFolder\SIEMENS_APPLICATION_EXAMPLE\KUKA_mxAutomation_V3.0.2\Function Blocks\KRC_ReadAxisGroup' - Prüfsummeninkonsistenz für 'General'." />
    <Help HelpId="-1" />
  </MessageCell>
  <MessageCell ServiceId="80" MessageId="30" MessageClass="Warning" Timestamp="15.06.2021 15:49:59">
    <Number ServiceNumber="80" MessageNumber="30" />
    <Text FeedbackText="Projektelement: '\PLC_1\ProgramBlocksFolder\SIEMENS_APPLICATION_EXAMPLE\KUKA_mxAutomation_V3.0.2\Function Blocks\KRC_AutoStart' - Prüfsummeninkonsistenz für 'General'." />
    <Help HelpId="-1" />
  </MessageCell>
  <MessageCell ServiceId="80" MessageId="30" MessageClass="Warning" Timestamp="15.06.2021 15:49:59">
    <Number ServiceNumber="80" MessageNumber="30" />
    <Text FeedbackText="Projektelement: '\PLC_1\ProgramBlocksFolder\SIEMENS_APPLICATION_EXAMPLE\KUKA_mxAutomation_V3.0.2\Function Blocks\KRC_Move' - Prüfsummeninkonsistenz für 'General'." />
    <Help HelpId="-1" />
  </MessageCell>
  <MessageCell ServiceId="80" MessageId="30" MessageClass="Warning" Timestamp="15.06.2021 15:49:59">
    <Number ServiceNumber="80" MessageNumber="30" />
    <Text FeedbackText="Projektelement: '\PLC_1\ProgramBlocksFolder\SIEMENS_APPLICATION_EXAMPLE\KUKA_mxAutomation_V3.0.2\Function Blocks\KRC_WriteAxisGroup' - Prüfsummeninkonsistenz für 'General'." />
    <Help HelpId="-1" />
  </MessageCell>
  <MessageCell ServiceId="80" MessageId="30" MessageClass="Warning" Timestamp="15.06.2021 15:49:59">
    <Number ServiceNumber="80" MessageNumber="30" />
    <Text FeedbackText="Projektelement: '\PLC_1\ProgramBlocksFolder\SIEMENS_APPLICATION_EXAMPLE\OpenPLC_KUKA_mxAutomation_V3.0.2\mc_ExecuteCommand' - Prüfsummeninkonsistenz für 'General'." />
    <Help HelpId="-1" />
  </MessageCell>
  <MessageCell ServiceId="80" MessageId="30" MessageClass="Warning" Timestamp="15.06.2021 15:50:00">
    <Number ServiceNumber="80" MessageNumber="30" />
    <Text FeedbackText="Projektelement: '\PLC_1\ProgramBlocksFolder\SIEMENS_APPLICATION_EXAMPLE\OpenPLC_KUKA_mxAutomation_V3.0.2\MC_Move' - Prüfsummeninkonsistenz für 'General'." />
    <Help HelpId="-1" />
  </MessageCell>
  <MessageCell ServiceId="80" MessageId="30" MessageClass="Warning" Timestamp="15.06.2021 15:50:00">
    <Number ServiceNumber="80" MessageNumber="30" />
    <Text FeedbackText="Projektelement: '\PLC_1\ProgramBlocksFolder\SIEMENS_APPLICATION_EXAMPLE\OpenPLC_KUKA_mxAutomation_V3.0.2\MC_MoveAxisAbsolute' - Prüfsummeninkonsistenz für 'General'." />
    <Help HelpId="-1" />
  </MessageCell>
  <MessageCell ServiceId="80" MessageId="30" MessageClass="Warning" Timestamp="15.06.2021 15:50:00">
    <Number ServiceNumber="80" MessageNumber="30" />
    <Text FeedbackText="Projektelement: '\PLC_1\ProgramBlocksFolder\SIEMENS_APPLICATION_EXAMPLE\OpenPLC_KUKA_mxAutomation_V3.0.2\MC_MoveCircAbsolute' - Prüfsummeninkonsistenz für 'General'." />
    <Help HelpId="-1" />
  </MessageCell>
  <MessageCell ServiceId="80" MessageId="30" MessageClass="Warning" Timestamp="15.06.2021 15:50:00">
    <Number ServiceNumber="80" MessageNumber="30" />
    <Text FeedbackText="Projektelement: '\PLC_1\ProgramBlocksFolder\SIEMENS_APPLICATION_EXAMPLE\OpenPLC_KUKA_mxAutomation_V3.0.2\MC_MoveCircRelative' - Prüfsummeninkonsistenz für 'General'." />
    <Help HelpId="-1" />
  </MessageCell>
  <MessageCell ServiceId="80" MessageId="30" MessageClass="Warning" Timestamp="15.06.2021 15:50:00">
    <Number ServiceNumber="80" MessageNumber="30" />
    <Text FeedbackText="Projektelement: '\PLC_1\ProgramBlocksFolder\SIEMENS_APPLICATION_EXAMPLE\OpenPLC_KUKA_mxAutomation_V3.0.2\MC_MoveDirectAbsolute' - Prüfsummeninkonsistenz für 'General'." />
    <Help HelpId="-1" />
  </MessageCell>
  <MessageCell ServiceId="80" MessageId="30" MessageClass="Warning" Timestamp="15.06.2021 15:50:00">
    <Number ServiceNumber="80" MessageNumber="30" />
    <Text FeedbackText="Projektelement: '\PLC_1\ProgramBlocksFolder\SIEMENS_APPLICATION_EXAMPLE\OpenPLC_KUKA_mxAutomation_V3.0.2\MC_MoveDirectRelative' - Prüfsummeninkonsistenz für 'General'." />
    <Help HelpId="-1" />
  </MessageCell>
  <MessageCell ServiceId="80" MessageId="30" MessageClass="Warning" Timestamp="15.06.2021 15:50:00">
    <Number ServiceNumber="80" MessageNumber="30" />
    <Text FeedbackText="Projektelement: '\PLC_1\ProgramBlocksFolder\SIEMENS_APPLICATION_EXAMPLE\OpenPLC_KUKA_mxAutomation_V3.0.2\MC_MoveLinearAbsolute' - Prüfsummeninkonsistenz für 'General'." />
    <Help HelpId="-1" />
  </MessageCell>
  <MessageCell ServiceId="80" MessageId="30" MessageClass="Warning" Timestamp="15.06.2021 15:50:00">
    <Number ServiceNumber="80" MessageNumber="30" />
    <Text FeedbackText="Projektelement: '\PLC_1\ProgramBlocksFolder\SIEMENS_APPLICATION_EXAMPLE\OpenPLC_KUKA_mxAutomation_V3.0.2\MC_MoveLinearRelative' - Prüfsummeninkonsistenz für 'General'." />
    <Help HelpId="-1" />
  </MessageCell>
  <MessageCell ServiceId="80" MessageId="30" MessageClass="Warning" Timestamp="15.06.2021 15:50:00">
    <Number ServiceNumber="80" MessageNumber="30" />
    <Text FeedbackText="Projektelement: '\PLC_1\ProgramBlocksFolder\SIEMENS_APPLICATION_EXAMPLE\InstReadAxisGroup' - Prüfsummeninkonsistenz für 'General'." />
    <Help HelpId="-1" />
  </MessageCell>
  <MessageCell ServiceId="80" MessageId="30" MessageClass="Warning" Timestamp="15.06.2021 15:50:00">
    <Number ServiceNumber="80" MessageNumber="30" />
    <Text FeedbackText="Projektelement: '\PLC_1\ProgramBlocksFolder\SIEMENS_APPLICATION_EXAMPLE\InstWriteAxisGroup' - Prüfsummeninkonsistenz für 'General'." />
    <Help HelpId="-1" />
  </MessageCell>
  <MessageCell ServiceId="80" MessageId="30" MessageClass="Warning" Timestamp="15.06.2021 15:50:00">
    <Number ServiceNumber="80" MessageNumber="30" />
    <Text FeedbackText="Projektelement: '\PLC_1\ProgramBlocksFolder\SIEMENS_APPLICATION_EXAMPLE\HMIKuka' - Prüfsummeninkonsistenz für 'General'." />
    <Help HelpId="-1" />
  </MessageCell>
  <MessageCell ServiceId="80" MessageId="30" MessageClass="Warning" Timestamp="15.06.2021 15:50:00">
    <Number ServiceNumber="80" MessageNumber="30" />
    <Text FeedbackText="Projektelement: '\PLC_1\ProgramBlocksFolder\SIEMENS_APPLICATION_EXAMPLE\InstKukaControl' - Prüfsummeninkonsistenz für 'General'." />
    <Help HelpId="-1" />
  </MessageCell>
  <MessageCell ServiceId="80" MessageId="30" MessageClass="Warning" Timestamp="15.06.2021 15:50:00">
    <Number ServiceNumber="80" MessageNumber="30" />
    <Text FeedbackText="Projektelement: '\PLC_1\ProgramBlocksFolder\SIEMENS_APPLICATION_EXAMPLE\InstCircle' - Prüfsummeninkonsistenz für 'General'." />
    <Help HelpId="-1" />
  </MessageCell>
  <MessageCell ServiceId="80" MessageId="30" MessageClass="Warning" Timestamp="15.06.2021 15:50:00">
    <Number ServiceNumber="80" MessageNumber="30" />
    <Text FeedbackText="Projektelement: '\PLC_1\ProgramBlocksFolder\SIEMENS_APPLICATION_EXAMPLE\InstPickPlace' - Prüfsummeninkonsistenz für 'General'." />
    <Help HelpId="-1" />
  </MessageCell>
  <MessageCell ServiceId="80" MessageId="30" MessageClass="Warning" Timestamp="15.06.2021 15:50:00">
    <Number ServiceNumber="80" MessageNumber="30" />
    <Text FeedbackText="Projektelement: '\PLC_1\ProgramBlocksFolder\SIEMENS_APPLICATION_EXAMPLE\KUKA_mxAutomation_V3.0.2\mxA_SystemBlocks\MxADBPosition' - Prüfsummeninkonsistenz für 'General'." />
    <Help HelpId="-1" />
  </MessageCell>
  <MessageCell ServiceId="80" MessageId="30" MessageClass="Warning" Timestamp="15.06.2021 15:50:00">
    <Number ServiceNumber="80" MessageNumber="30" />
    <Text FeedbackText="Projektelement: '\PLC_1\ProgramBlocksFolder\SIEMENS_APPLICATION_EXAMPLE\KUKA_mxAutomation_V3.0.2\mxA_SystemBlocks\MxADBRobots' - Prüfsummeninkonsistenz für 'General'." />
    <Help HelpId="-1" />
  </MessageCell>
  <MessageCell ServiceId="80" MessageId="30" MessageClass="Warning" Timestamp="15.06.2021 15:50:00">
    <Number ServiceNumber="80" MessageNumber="30" />
    <Text FeedbackText="Projektelement: '\PLC_1\ControllerDataTypeFolder\SIEMENS_APPLICATION_EXAMPLE\typeInterface' - Prüfsummeninkonsistenz für 'General'." />
    <Help HelpId="-1" />
  </MessageCell>
  <MessageCell ServiceId="80" MessageId="30" MessageClass="Warning" Timestamp="15.06.2021 15:50:00">
    <Number ServiceNumber="80" MessageNumber="30" />
    <Text FeedbackText="Projektelement: '\PLC_1\ControllerDataTypeFolder\SIEMENS_APPLICATION_EXAMPLE\typeDiagnosis' - Prüfsummeninkonsistenz für 'General'." />
    <Help HelpId="-1" />
  </MessageCell>
  <MessageCell ServiceId="80" MessageId="30" MessageClass="Warning" Timestamp="15.06.2021 15:50:00">
    <Number ServiceNumber="80" MessageNumber="30" />
    <Text FeedbackText="Projektelement: '\PLC_1\ControllerDataTypeFolder\SIEMENS_APPLICATION_EXAMPLE\typeProg' - Prüfsummeninkonsistenz für 'General'." />
    <Help HelpId="-1" />
  </MessageCell>
  <MessageCell ServiceId="80" MessageId="30" MessageClass="Warning" Timestamp="15.06.2021 15:50:00">
    <Number ServiceNumber="80" MessageNumber="30" />
    <Text FeedbackText="Projektelement: '\PLC_1\ControllerDataTypeFolder\SIEMENS_APPLICATION_EXAMPLE\typeProgCommand' - Prüfsummeninkonsistenz für 'General'." />
    <Help HelpId="-1" />
  </MessageCell>
  <MessageCell ServiceId="80" MessageId="30" MessageClass="Warning" Timestamp="15.06.2021 15:50:00">
    <Number ServiceNumber="80" MessageNumber="30" />
    <Text FeedbackText="Projektelement: '\PLC_1\ControllerDataTypeFolder\SIEMENS_APPLICATION_EXAMPLE\typeProgStatus' - Prüfsummeninkonsistenz für 'General'." />
    <Help HelpId="-1" />
  </MessageCell>
  <MessageCell ServiceId="80" MessageId="30" MessageClass="Warning" Timestamp="15.06.2021 15:50:00">
    <Number ServiceNumber="80" MessageNumber="30" />
    <Text FeedbackText="Projektelement: '\PLC_1\ControllerDataTypeFolder\SIEMENS_APPLICATION_EXAMPLE\typeMxaStatus' - Prüfsummeninkonsistenz für 'General'." />
    <Help HelpId="-1" />
  </MessageCell>
  <MessageCell ServiceId="80" MessageId="30" MessageClass="Warning" Timestamp="15.06.2021 15:50:00">
    <Number ServiceNumber="80" MessageNumber="30" />
    <Text FeedbackText="Projektelement: '\PLC_1\ControllerDataTypeFolder\SIEMENS_APPLICATION_EXAMPLE\typeJogCommand' - Prüfsummeninkonsistenz für 'General'." />
    <Help HelpId="-1" />
  </MessageCell>
  <MessageCell ServiceId="80" MessageId="30" MessageClass="Warning" Timestamp="15.06.2021 15:50:00">
    <Number ServiceNumber="80" MessageNumber="30" />
    <Text FeedbackText="Projektelement: '\PLC_1\ControllerDataTypeFolder\SIEMENS_APPLICATION_EXAMPLE\typeJogStatus' - Prüfsummeninkonsistenz für 'General'." />
    <Help HelpId="-1" />
  </MessageCell>
  <MessageCell ServiceId="80" MessageId="30" MessageClass="Warning" Timestamp="15.06.2021 15:50:00">
    <Number ServiceNumber="80" MessageNumber="30" />
    <Text FeedbackText="Projektelement: '\PLC_1\ControllerDataTypeFolder\SIEMENS_APPLICATION_EXAMPLE\typeTouchUpStatus' - Prüfsummeninkonsistenz für 'General'." />
    <Help HelpId="-1" />
  </MessageCell>
  <MessageCell ServiceId="80" MessageId="30" MessageClass="Warning" Timestamp="15.06.2021 15:50:00">
    <Number ServiceNumber="80" MessageNumber="30" />
    <Text FeedbackText="Projektelement: '\PLC_1\ControllerDataTypeFolder\SIEMENS_APPLICATION_EXAMPLE\typeTouchUp' - Prüfsummeninkonsistenz für 'General'." />
    <Help HelpId="-1" />
  </MessageCell>
  <MessageCell ServiceId="80" MessageId="30" MessageClass="Warning" Timestamp="15.06.2021 15:50:00">
    <Number ServiceNumber="80" MessageNumber="30" />
    <Text FeedbackText="Projektelement: '\PLC_1\ControllerDataTypeFolder\SIEMENS_APPLICATION_EXAMPLE\typeJog' - Prüfsummeninkonsistenz für 'General'." />
    <Help HelpId="-1" />
  </MessageCell>
  <MessageCell ServiceId="80" MessageId="30" MessageClass="Warning" Timestamp="15.06.2021 15:50:00">
    <Number ServiceNumber="80" MessageNumber="30" />
    <Text FeedbackText="Projektelement: '\PLC_1\ControllerDataTypeFolder\SIEMENS_APPLICATION_EXAMPLE\typeExample' - Prüfsummeninkonsistenz für 'General'." />
    <Help HelpId="-1" />
  </MessageCell>
  <MessageCell ServiceId="80" MessageId="30" MessageClass="Warning" Timestamp="15.06.2021 15:50:00">
    <Number ServiceNumber="80" MessageNumber="30" />
    <Text FeedbackText="Projektelement: '\PLC_1\ControllerDataTypeFolder\SIEMENS_APPLICATION_EXAMPLE\typeVersion' - Prüfsummeninkonsistenz für 'General'." />
    <Help HelpId="-1" />
  </MessageCell>
  <MessageCell ServiceId="80" MessageId="30" MessageClass="Warning" Timestamp="15.06.2021 15:50:00">
    <Number ServiceNumber="80" MessageNumber="30" />
    <Text FeedbackText="Projektelement: '\PLC_1\ControllerDataTypeFolder\SIEMENS_APPLICATION_EXAMPLE\typeInitialization' - Prüfsummeninkonsistenz für 'General'." />
    <Help HelpId="-1" />
  </MessageCell>
  <MessageCell ServiceId="80" MessageId="30" MessageClass="Warning" Timestamp="15.06.2021 15:50:00">
    <Number ServiceNumber="80" MessageNumber="30" />
    <Text FeedbackText="Projektelement: '\PLC_1\ControllerDataTypeFolder\SIEMENS_APPLICATION_EXAMPLE\typeActAxisPosition' - Prüfsummeninkonsistenz für 'General'." />
    <Help HelpId="-1" />
  </MessageCell>
  <MessageCell ServiceId="80" MessageId="30" MessageClass="Warning" Timestamp="15.06.2021 15:50:00">
    <Number ServiceNumber="80" MessageNumber="30" />
    <Text FeedbackText="Projektelement: '\PLC_1\ControllerDataTypeFolder\SIEMENS_APPLICATION_EXAMPLE\typeActPosition' - Prüfsummeninkonsistenz für 'General'." />
    <Help HelpId="-1" />
  </MessageCell>
  <MessageCell ServiceId="80" MessageId="30" MessageClass="Warning" Timestamp="15.06.2021 15:50:00">
    <Number ServiceNumber="80" MessageNumber="30" />
    <Text FeedbackText="Projektelement: '\PLC_1\ControllerDataTypeFolder\SIEMENS_APPLICATION_EXAMPLE\typeOverrideStatus' - Prüfsummeninkonsistenz für 'General'." />
    <Help HelpId="-1" />
  </MessageCell>
  <MessageCell ServiceId="80" MessageId="30" MessageClass="Warning" Timestamp="15.06.2021 15:50:00">
    <Number ServiceNumber="80" MessageNumber="30" />
    <Text FeedbackText="Projektelement: '\PLC_1\ControllerDataTypeFolder\SIEMENS_APPLICATION_EXAMPLE\typeAutoExternStatus' - Prüfsummeninkonsistenz für 'General'." />
    <Help HelpId="-1" />
  </MessageCell>
  <MessageCell ServiceId="80" MessageId="30" MessageClass="Warning" Timestamp="15.06.2021 15:50:00">
    <Number ServiceNumber="80" MessageNumber="30" />
    <Text FeedbackText="Projektelement: '\PLC_1\ControllerDataTypeFolder\SIEMENS_APPLICATION_EXAMPLE\typePowerRobotStatus' - Prüfsummeninkonsistenz für 'General'." />
    <Help HelpId="-1" />
  </MessageCell>
  <MessageCell ServiceId="80" MessageId="30" MessageClass="Warning" Timestamp="15.06.2021 15:50:00">
    <Number ServiceNumber="80" MessageNumber="30" />
    <Text FeedbackText="Projektelement: '\PLC_1\ControllerDataTypeFolder\SIEMENS_APPLICATION_EXAMPLE\typeAutoExternCommand' - Prüfsummeninkonsistenz für 'General'." />
    <Help HelpId="-1" />
  </MessageCell>
  <MessageCell ServiceId="80" MessageId="30" MessageClass="Warning" Timestamp="15.06.2021 15:50:00">
    <Number ServiceNumber="80" MessageNumber="30" />
    <Text FeedbackText="Projektelement: '\PLC_1\ControllerDataTypeFolder\SIEMENS_APPLICATION_EXAMPLE\typePowerRobotCommand' - Prüfsummeninkonsistenz für 'General'." />
    <Help HelpId="-1" />
  </MessageCell>
  <MessageCell ServiceId="80" MessageId="30" MessageClass="Warning" Timestamp="15.06.2021 15:50:00">
    <Number ServiceNumber="80" MessageNumber="30" />
    <Text FeedbackText="Projektelement: '\PLC_1\ControllerDataTypeFolder\SIEMENS_APPLICATION_EXAMPLE\typePowerRobot' - Prüfsummeninkonsistenz für 'General'." />
    <Help HelpId="-1" />
  </MessageCell>
  <MessageCell ServiceId="80" MessageId="30" MessageClass="Warning" Timestamp="15.06.2021 15:50:00">
    <Number ServiceNumber="80" MessageNumber="30" />
    <Text FeedbackText="Projektelement: '\PLC_1\ControllerDataTypeFolder\SIEMENS_APPLICATION_EXAMPLE\KUKA_mxAutomation_V3.0.2\APO' - Prüfsummeninkonsistenz für 'General'." />
    <Help HelpId="-1" />
  </MessageCell>
  <MessageCell ServiceId="80" MessageId="30" MessageClass="Warning" Timestamp="15.06.2021 15:50:00">
    <Number ServiceNumber="80" MessageNumber="30" />
    <Text FeedbackText="Projektelement: '\PLC_1\ControllerDataTypeFolder\SIEMENS_APPLICATION_EXAMPLE\KUKA_mxAutomation_V3.0.2\AXIS_GROUP_REF' - Prüfsummeninkonsistenz für 'General'." />
    <Help HelpId="-1" />
  </MessageCell>
  <MessageCell ServiceId="80" MessageId="30" MessageClass="Warning" Timestamp="15.06.2021 15:50:00">
    <Number ServiceNumber="80" MessageNumber="30" />
    <Text FeedbackText="Projektelement: '\PLC_1\ControllerDataTypeFolder\SIEMENS_APPLICATION_EXAMPLE\KUKA_mxAutomation_V3.0.2\BOOL_ARRAY_40' - Prüfsummeninkonsistenz für 'General'." />
    <Help HelpId="-1" />
  </MessageCell>
  <MessageCell ServiceId="80" MessageId="30" MessageClass="Warning" Timestamp="15.06.2021 15:50:00">
    <Number ServiceNumber="80" MessageNumber="30" />
    <Text FeedbackText="Projektelement: '\PLC_1\ControllerDataTypeFolder\SIEMENS_APPLICATION_EXAMPLE\KUKA_mxAutomation_V3.0.2\COORDSYS' - Prüfsummeninkonsistenz für 'General'." />
    <Help HelpId="-1" />
  </MessageCell>
  <MessageCell ServiceId="80" MessageId="30" MessageClass="Warning" Timestamp="15.06.2021 15:50:00">
    <Number ServiceNumber="80" MessageNumber="30" />
    <Text FeedbackText="Projektelement: '\PLC_1\ControllerDataTypeFolder\SIEMENS_APPLICATION_EXAMPLE\KUKA_mxAutomation_V3.0.2\E6AXIS' - Prüfsummeninkonsistenz für 'General'." />
    <Help HelpId="-1" />
  </MessageCell>
  <MessageCell ServiceId="80" MessageId="30" MessageClass="Warning" Timestamp="15.06.2021 15:50:00">
    <Number ServiceNumber="80" MessageNumber="30" />
    <Text FeedbackText="Projektelement: '\PLC_1\ControllerDataTypeFolder\SIEMENS_APPLICATION_EXAMPLE\KUKA_mxAutomation_V3.0.2\E6POS' - Prüfsummeninkonsistenz für 'General'." />
    <Help HelpId="-1" />
  </MessageCell>
  <MessageCell ServiceId="80" MessageId="30" MessageClass="Warning" Timestamp="15.06.2021 15:50:00">
    <Number ServiceNumber="80" MessageNumber="30" />
    <Text FeedbackText="Projektelement: '\PLC_1\ControllerDataTypeFolder\SIEMENS_APPLICATION_EXAMPLE\KUKA_mxAutomation_V3.0.2\FRAME' - Prüfsummeninkonsistenz für 'General'." />
    <Help HelpId="-1" />
  </MessageCell>
  <MessageCell ServiceId="80" MessageId="30" MessageClass="Warning" Timestamp="15.06.2021 15:50:00">
    <Number ServiceNumber="80" MessageNumber="30" />
    <Text FeedbackText="Projektelement: '\PLC_1\ControllerDataTypeFolder\SIEMENS_APPLICATION_EXAMPLE\KUKA_mxAutomation_V3.0.2\INT32_ARRAY_40' - Prüfsummeninkonsistenz für 'General'." />
    <Help HelpId="-1" />
  </MessageCell>
  <MessageCell ServiceId="80" MessageId="30" MessageClass="Warning" Timestamp="15.06.2021 15:50:00">
    <Number ServiceNumber="80" MessageNumber="30" />
    <Text FeedbackText="Projektelement: '\PLC_1\ControllerDataTypeFolder\SIEMENS_APPLICATION_EXAMPLE\KUKA_mxAutomation_V3.0.2\MXA_AUTEXT_CONTROL' - Prüfsummeninkonsistenz für 'General'." />
    <Help HelpId="-1" />
  </MessageCell>
  <MessageCell ServiceId="80" MessageId="30" MessageClass="Warning" Timestamp="15.06.2021 15:50:00">
    <Number ServiceNumber="80" MessageNumber="30" />
    <Text FeedbackText="Projektelement: '\PLC_1\ControllerDataTypeFolder\SIEMENS_APPLICATION_EXAMPLE\KUKA_mxAutomation_V3.0.2\MXA_AUTEXT_STATE' - Prüfsummeninkonsistenz für 'General'." />
    <Help HelpId="-1" />
  </MessageCell>
  <MessageCell ServiceId="80" MessageId="30" MessageClass="Warning" Timestamp="15.06.2021 15:50:00">
    <Number ServiceNumber="80" MessageNumber="30" />
    <Text FeedbackText="Projektelement: '\PLC_1\ControllerDataTypeFolder\SIEMENS_APPLICATION_EXAMPLE\KUKA_mxAutomation_V3.0.2\MXA_CMD_STATE_RET' - Prüfsummeninkonsistenz für 'General'." />
    <Help HelpId="-1" />
  </MessageCell>
  <MessageCell ServiceId="80" MessageId="30" MessageClass="Warning" Timestamp="15.06.2021 15:50:00">
    <Number ServiceNumber="80" MessageNumber="30" />
    <Text FeedbackText="Projektelement: '\PLC_1\ControllerDataTypeFolder\SIEMENS_APPLICATION_EXAMPLE\KUKA_mxAutomation_V3.0.2\MXA_COMMAND' - Prüfsummeninkonsistenz für 'General'." />
    <Help HelpId="-1" />
  </MessageCell>
  <MessageCell ServiceId="80" MessageId="30" MessageClass="Warning" Timestamp="15.06.2021 15:50:00">
    <Number ServiceNumber="80" MessageNumber="30" />
    <Text FeedbackText="Projektelement: '\PLC_1\ControllerDataTypeFolder\SIEMENS_APPLICATION_EXAMPLE\KUKA_mxAutomation_V3.0.2\MXA_COMMAND_STATUS' - Prüfsummeninkonsistenz für 'General'." />
    <Help HelpId="-1" />
  </MessageCell>
  <MessageCell ServiceId="80" MessageId="30" MessageClass="Warning" Timestamp="15.06.2021 15:50:00">
    <Number ServiceNumber="80" MessageNumber="30" />
    <Text FeedbackText="Projektelement: '\PLC_1\ControllerDataTypeFolder\SIEMENS_APPLICATION_EXAMPLE\KUKA_mxAutomation_V3.0.2\MXA_KRC_CONTROL' - Prüfsummeninkonsistenz für 'General'." />
    <Help HelpId="-1" />
  </MessageCell>
  <MessageCell ServiceId="80" MessageId="30" MessageClass="Warning" Timestamp="15.06.2021 15:50:00">
    <Number ServiceNumber="80" MessageNumber="30" />
    <Text FeedbackText="Projektelement: '\PLC_1\ControllerDataTypeFolder\SIEMENS_APPLICATION_EXAMPLE\KUKA_mxAutomation_V3.0.2\MXA_KRC_STATE' - Prüfsummeninkonsistenz für 'General'." />
    <Help HelpId="-1" />
  </MessageCell>
  <MessageCell ServiceId="80" MessageId="30" MessageClass="Warning" Timestamp="15.06.2021 15:50:00">
    <Number ServiceNumber="80" MessageNumber="30" />
    <Text FeedbackText="Projektelement: '\PLC_1\ControllerDataTypeFolder\SIEMENS_APPLICATION_EXAMPLE\KUKA_mxAutomation_V3.0.2\POSITION' - Prüfsummeninkonsistenz für 'General'." />
    <Help HelpId="-1" />
  </MessageCell>
  <MessageCell ServiceId="80" MessageId="30" MessageClass="Warning" Timestamp="15.06.2021 15:50:00">
    <Number ServiceNumber="80" MessageNumber="30" />
    <Text FeedbackText="Projektelement: '\PLC_1\ControllerDataTypeFolder\SIEMENS_APPLICATION_EXAMPLE\KUKA_mxAutomation_V3.0.2\POSITION_ARRAY' - Prüfsummeninkonsistenz für 'General'." />
    <Help HelpId="-1" />
  </MessageCell>
  <MessageCell ServiceId="80" MessageId="30" MessageClass="Warning" Timestamp="15.06.2021 15:50:00">
    <Number ServiceNumber="80" MessageNumber="30" />
    <Text FeedbackText="Projektelement: '\PLC_1\ControllerDataTypeFolder\SIEMENS_APPLICATION_EXAMPLE\KUKA_mxAutomation_V3.0.2\REAL_ARRAY_40' - Prüfsummeninkonsistenz für 'General'." />
    <Help HelpId="-1" />
  </MessageCell>
  <MessageCell ServiceId="80" MessageId="30" MessageClass="Warning" Timestamp="15.06.2021 15:50:00">
    <Number ServiceNumber="80" MessageNumber="30" />
    <Text FeedbackText="Projektelement: '\PLC_1\ControllerDataTypeFolder\SIEMENS_APPLICATION_EXAMPLE\KUKA_mxAutomation_V3.0.2\AXIS_VEL' - Prüfsummeninkonsistenz für 'General'." />
    <Help HelpId="-1" />
  </MessageCell>
  <MessageCell ServiceId="80" MessageId="30" MessageClass="Warning" Timestamp="15.06.2021 15:50:00">
    <Number ServiceNumber="80" MessageNumber="30" />
    <Text FeedbackText="Projektelement: '\PLC_1\ControllerDataTypeFolder\SIEMENS_APPLICATION_EXAMPLE\KUKA_mxAutomation_V3.0.2\AXBOX' - Prüfsummeninkonsistenz für 'General'." />
    <Help HelpId="-1" />
  </MessageCell>
  <MessageCell ServiceId="80" MessageId="30" MessageClass="Warning" Timestamp="15.06.2021 15:50:00">
    <Number ServiceNumber="80" MessageNumber="30" />
    <Text FeedbackText="Projektelement: '\PLC_1\ControllerDataTypeFolder\SIEMENS_APPLICATION_EXAMPLE\KUKA_mxAutomation_V3.0.2\BOX' - Prüfsummeninkonsistenz für 'General'." />
    <Help HelpId="-1" />
  </MessageCell>
  <MessageCell ServiceId="80" MessageId="30" MessageClass="Warning" Timestamp="15.06.2021 15:50:00">
    <Number ServiceNumber="80" MessageNumber="30" />
    <Text FeedbackText="Projektelement: '\PLC_1\ControllerDataTypeFolder\SIEMENS_APPLICATION_EXAMPLE\KUKA_mxAutomation_V3.0.2\MXA_CMD_DATA_RET' - Prüfsummeninkonsistenz für 'General'." />
    <Help HelpId="-1" />
  </MessageCell>
  <MessageCell ServiceId="80" MessageId="30" MessageClass="Warning" Timestamp="15.06.2021 15:50:00">
    <Number ServiceNumber="80" MessageNumber="30" />
    <Text FeedbackText="Projektelement: '\PLC_1\ControllerDataTypeFolder\SIEMENS_APPLICATION_EXAMPLE\KUKA_mxAutomation_V3.0.2\MXA_CMD_PAR_BOOL' - Prüfsummeninkonsistenz für 'General'." />
    <Help HelpId="-1" />
  </MessageCell>
  <MessageCell ServiceId="80" MessageId="30" MessageClass="Warning" Timestamp="15.06.2021 15:50:00">
    <Number ServiceNumber="80" MessageNumber="30" />
    <Text FeedbackText="Projektelement: '\PLC_1\ControllerDataTypeFolder\SIEMENS_APPLICATION_EXAMPLE\KUKA_mxAutomation_V3.0.2\MXA_CMD_PAR_INT' - Prüfsummeninkonsistenz für 'General'." />
    <Help HelpId="-1" />
  </MessageCell>
  <MessageCell ServiceId="80" MessageId="30" MessageClass="Warning" Timestamp="15.06.2021 15:50:00">
    <Number ServiceNumber="80" MessageNumber="30" />
    <Text FeedbackText="Projektelement: '\PLC_1\ControllerDataTypeFolder\SIEMENS_APPLICATION_EXAMPLE\KUKA_mxAutomation_V3.0.2\MXA_CMD_PAR_REAL' - Prüfsummeninkonsistenz für 'General'." />
    <Help HelpId="-1" />
  </MessageCell>
  <MessageCell ServiceId="80" MessageId="30" MessageClass="Warning" Timestamp="15.06.2021 15:50:00">
    <Number ServiceNumber="80" MessageNumber="30" />
    <Text FeedbackText="Projektelement: '\PLC_1\ControllerDataTypeFolder\SIEMENS_APPLICATION_EXAMPLE\KUKA_mxAutomation_V3.0.2\MXA_CMD_SR_ARR' - Prüfsummeninkonsistenz für 'General'." />
    <Help HelpId="-1" />
  </MessageCell>
  <MessageCell ServiceId="80" MessageId="30" MessageClass="Warning" Timestamp="15.06.2021 15:50:00">
    <Number ServiceNumber="80" MessageNumber="30" />
    <Text FeedbackText="Projektelement: '\PLC_1\ControllerDataTypeFolder\SIEMENS_APPLICATION_EXAMPLE\KUKA_mxAutomation_V3.0.2\MXA_IR_STATE' - Prüfsummeninkonsistenz für 'General'." />
    <Help HelpId="-1" />
  </MessageCell>
  <Details ServiceId="80" MessageId="30" Timestamp="15.06.2021 15:50:03" Debug="false">
    <Text>HmiConvert: Started conversion section.</Text>
  </Details>
  <Details ServiceId="80" MessageId="30" Timestamp="15.06.2021 15:50:03" Debug="false">
    <Text>HmiConvert: Starting conversion step &lt;Siemens.Simatic.Hmi.Tag.Managers.Scan:Siemens.Simatic.Hmi.Utah.Tag.RootTagConvertSynchronization.ResynchronizeRootTag&gt;.</Text>
  </Details>
  <Details ServiceId="80" MessageId="30" Timestamp="15.06.2021 15:50:06" Debug="false">
    <Text>HmiConvert: Finished conversion step &lt;Siemens.Simatic.Hmi.Tag.Managers.Scan:Siemens.Simatic.Hmi.Utah.Tag.RootTagConvertSynchronization.ResynchronizeRootTag&gt;.</Text>
  </Details>
  <Details ServiceId="80" MessageId="30" Timestamp="15.06.2021 15:50:06" Debug="false">
    <Text>HmiConvert: Starting conversion step &lt;Siemens.Simatic.Hmi.Alarm.Managers.Scan:Siemens.Simatic.Hmi.Utah.Alarm.AlarmDataConverterWithHmiBl.ConvertExistingUserDefinedCommonAndSystemAlarmClasses&gt;.</Text>
  </Details>
  <Details ServiceId="80" MessageId="30" Timestamp="15.06.2021 15:50:06" Debug="false">
    <Text>HmiConvert: Finished conversion step &lt;Siemens.Simatic.Hmi.Alarm.Managers.Scan:Siemens.Simatic.Hmi.Utah.Alarm.AlarmDataConverterWithHmiBl.ConvertExistingUserDefinedCommonAndSystemAlarmClasses&gt;.</Text>
  </Details>
  <Details ServiceId="80" MessageId="30" Timestamp="15.06.2021 15:50:06" Debug="false">
    <Text>HmiConvert: Starting conversion step &lt;Siemens.Simatic.Hmi.BL.Logging.Scan:Siemens.Simatic.Hmi.BL.Logging.Convert.LogConverter.Convert&gt;.</Text>
  </Details>
  <Details ServiceId="80" MessageId="30" Timestamp="15.06.2021 15:50:07" Debug="false">
    <Text>HmiConvert: Finished conversion step &lt;Siemens.Simatic.Hmi.BL.Logging.Scan:Siemens.Simatic.Hmi.BL.Logging.Convert.LogConverter.Convert&gt;.</Text>
  </Details>
  <Details ServiceId="80" MessageId="30" Timestamp="15.06.2021 15:50:07" Debug="false">
    <Text>HmiConvert: Starting conversion step &lt;Siemens.Simatic.Hmi.BL.Scripting.Scan:Siemens.Simatic.Hmi.BL.Scripting.Migrations.ScriptReferenceBLConverter.ResolveScriptReferencesDuringConvert&gt;.</Text>
  </Details>
  <Details ServiceId="80" MessageId="30" Timestamp="15.06.2021 15:50:07" Debug="false">
    <Text>HmiConvert: Finished conversion step &lt;Siemens.Simatic.Hmi.BL.Scripting.Scan:Siemens.Simatic.Hmi.BL.Scripting.Migrations.ScriptReferenceBLConverter.ResolveScriptReferencesDuringConvert&gt;.</Text>
  </Details>
  <Details ServiceId="80" MessageId="30" Timestamp="15.06.2021 15:50:07" Debug="false">
    <Text>HmiConvert: Starting conversion step &lt;Siemens.Simatic.Hmi.Communication.Managers.Scan:Siemens.Simatic.Hmi.Utah.Communication.ConnectionPropertiesRelatedToAlarmConverter.ConvertAlarmPropertiesForConnectionInUpgrade&gt;.</Text>
  </Details>
  <Details ServiceId="80" MessageId="30" Timestamp="15.06.2021 15:50:07" Debug="false">
    <Text>HmiConvert: Finished conversion step &lt;Siemens.Simatic.Hmi.Communication.Managers.Scan:Siemens.Simatic.Hmi.Utah.Communication.ConnectionPropertiesRelatedToAlarmConverter.ConvertAlarmPropertiesForConnectionInUpgrade&gt;.</Text>
  </Details>
  <Details ServiceId="80" MessageId="30" Timestamp="15.06.2021 15:50:07" Debug="false">
    <Text>HmiConvert: Starting conversion step &lt;Siemens.Simatic.Hmi.Communication.Managers.Scan:Siemens.Simatic.Hmi.Utah.Communication.ConvertV16.ConnectionPasswordConverter.AddPasswordToProtocolValues&gt;.</Text>
  </Details>
  <Details ServiceId="80" MessageId="30" Timestamp="15.06.2021 15:50:07" Debug="false">
    <Text>HmiConvert: Finished conversion step &lt;Siemens.Simatic.Hmi.Communication.Managers.Scan:Siemens.Simatic.Hmi.Utah.Communication.ConvertV16.ConnectionPasswordConverter.AddPasswordToProtocolValues&gt;.</Text>
  </Details>
  <Details ServiceId="80" MessageId="30" Timestamp="15.06.2021 15:50:07" Debug="false">
    <Text>HmiConvert: Starting conversion step &lt;Siemens.Simatic.Hmi.Alarm.Managers.Scan:Siemens.Simatic.Hmi.Utah.Alarm.AlarmDataConverterWithHmiBl.ConvertTagBitCombinationForILDevices&gt;.</Text>
  </Details>
  <Details ServiceId="80" MessageId="30" Timestamp="15.06.2021 15:50:07" Debug="false">
    <Text>HmiConvert: Finished conversion step &lt;Siemens.Simatic.Hmi.Alarm.Managers.Scan:Siemens.Simatic.Hmi.Utah.Alarm.AlarmDataConverterWithHmiBl.ConvertTagBitCombinationForILDevices&gt;.</Text>
  </Details>
  <Details ServiceId="80" MessageId="30" Timestamp="15.06.2021 15:50:07" Debug="false">
    <Text>HmiConvert: Starting conversion step &lt;Siemens.Simatic.Hmi.GraphX.GraphXManagers.Scan:Siemens.Simatic.Hmi.Utah.GraphX.PhaseConverter.RepairFontOfGroups&gt;.</Text>
  </Details>
  <Details ServiceId="80" MessageId="30" Timestamp="15.06.2021 15:50:07" Debug="false">
    <Text>HmiConvert: Finished conversion step &lt;Siemens.Simatic.Hmi.GraphX.GraphXManagers.Scan:Siemens.Simatic.Hmi.Utah.GraphX.PhaseConverter.RepairFontOfGroups&gt;.</Text>
  </Details>
  <Details ServiceId="80" MessageId="30" Timestamp="15.06.2021 15:50:07" Debug="false">
    <Text>HmiConvert: Starting conversion step &lt;Siemens.Simatic.Hmi.Styles.Managers.Scan:Siemens.Simatic.Hmi.Utah.Styles.HmiStyleConverter.RepairStylesAfterConvert&gt;.</Text>
  </Details>
  <Details ServiceId="80" MessageId="30" Timestamp="15.06.2021 15:50:07" Debug="false">
    <Text>HmiConvert: Finished conversion step &lt;Siemens.Simatic.Hmi.Styles.Managers.Scan:Siemens.Simatic.Hmi.Utah.Styles.HmiStyleConverter.RepairStylesAfterConvert&gt;.</Text>
  </Details>
  <Details ServiceId="80" MessageId="30" Timestamp="15.06.2021 15:50:07" Debug="false">
    <Text>HmiConvert: Finished conversion section.</Text>
  </Details>
  <MessageCell ServiceId="80" MessageId="30" MessageClass="Information" Timestamp="15.06.2021 15:50:10">
    <Number ServiceNumber="80" MessageNumber="30" />
    <Text FeedbackText="Die Querverweisinformationen werden konvertiert." />
    <Help HelpId="-1" />
  </MessageCell>
  <MessageCell ServiceId="80" MessageId="30" MessageClass="Information" Timestamp="15.06.2021 15:50:14">
    <Number ServiceNumber="80" MessageNumber="30" />
    <Text FeedbackText="Die Querverweisinformationen wurden erfolgreich erstellt" />
    <Help HelpId="-1" />
  </MessageCell>
  <MessageCell ServiceId="80" MessageId="30" MessageClass="Information" Timestamp="15.06.2021 15:50:14">
    <Number ServiceNumber="80" MessageNumber="30" />
    <Text FeedbackText="Das Konvertieren der Querverweisinformationen ist beendet." />
    <Help HelpId="-1" />
  </MessageCell>
  <Details ServiceId="80" MessageId="30" Timestamp="15.06.2021 15:50:16" Debug="false">
    <Text>Package container 'HW.S71500.CPU.CPU_1515T_2_PN.MDD_6ES7_515_2UM01_0AB0_2.6_15.0.10' was deleted</Text>
  </Details>
  <Details ServiceId="80" MessageId="30" Timestamp="15.06.2021 15:50:16" Debug="false">
    <Text>Package container 'Siemens.Simatic.Safety.Option_V15_1' was deleted</Text>
  </Details>
  <Details ServiceId="80" MessageId="30" Timestamp="15.06.2021 15:50:16" Debug="false">
    <Text>Package container 'Siemens.Simatic.Lang.S7PSW.V15.1.0.0.NonMandatory' was deleted</Text>
  </Details>
  <Details ServiceId="80" MessageId="30" Timestamp="15.06.2021 15:50:16" Debug="false">
    <Text>Package container 'HW.S71500.CPU.CPU_1516_3_PN+DP.MDD_6ES7_516_3FN01_0AB0_2.5_15.0.0' was deleted</Text>
  </Details>
  <Details ServiceId="80" MessageId="30" Timestamp="15.06.2021 15:50:16" Debug="false">
    <Text>Package container 'HW.HMI.Device.StandardPanels.TP1500Standard_14.0.0-HmiOnly' was deleted</Text>
  </Details>
  <Details ServiceId="80" MessageId="30" Timestamp="15.06.2021 15:50:16" Debug="false">
    <Text>Package container 'HW.HMI.Device.StandardPanels.TP1500Standard_14.0.0' was deleted</Text>
  </Details>
  <Details ServiceId="80" MessageId="30" Timestamp="15.06.2021 15:50:16" Debug="false">
    <Text>Product version 'Siemens.Simatic.STEP7.Safety:15.01.00.00' was deleted</Text>
  </Details>
  <Details ServiceId="80" MessageId="30" Timestamp="15.06.2021 15:50:16" Debug="false">
    <Text>Product version 'Siemens.Simatic.Sivarc:13.00.01.00' was deleted</Text>
  </Details>
  <Details ServiceId="80" MessageId="30" Timestamp="15.06.2021 15:50:16" Debug="false">
    <Text>Product version 'Siemens.Simatic.STEP7.Professional:15.00.00.00' was deleted</Text>
  </Details>
  <Details ServiceId="80" MessageId="30" Timestamp="15.06.2021 15:50:16" Debug="false">
    <Text>Product version 'Siemens.Simatic.Hmi.Comfort:14.00.00.00' was deleted</Text>
  </Details>
  <MessageCell ServiceId="Automation-ObjectFrame-Feedbacks" MessageId="ConversionInfoTabProjectSucceeded" MessageClass="Success" Timestamp="15.06.2021 15:50:17">
    <Number ServiceNumber="80" MessageNumber="34" />
    <Text FeedbackText="Projekt 'C:\Users\hpp\Desktop\0123\KUKA_BASIC_EXAMPLE_mxA_V302_TIA_V15.1_1516F\System\PEData.plf' wurde erfolgreich hochgerüstet und gespeichert als Projekt 'C:\Users\hpp\Desktop\0123\KUKA_BASIC_EXAMPLE_mxA_V302_TIA_V15.1_1516F_V16\System\PEData.plf'." />
    <Help HelpId="-1" HelpFile="" />
  </MessageCell>
  <MessageCell ServiceId="80" MessageId="30" MessageClass="Information" Timestamp="15.06.2021 15:50:18">
    <Number ServiceNumber="80" MessageNumber="30" />
    <Text FeedbackText="FinalCheckRemainingErrors" />
    <Help HelpId="-1" />
  </MessageCell>
  <Details ServiceId="80" MessageId="30" Timestamp="15.06.2021 15:50:18" Debug="false">
    <Text>No error is detected.</Text>
  </Details>
</LogFile>